Sample,Sex,Diet,Coat.Color,BMC1,BMC2,BMD1,BMD2,BW.11,BW.12,BW.13,BW.14,BW.15,BW.16,BW.17,BW.18,BW.19,BW.20,BW.21,Calcium2,CHCM1,CHCM2,cHGB1,cHGB2,CHOL1,CHOL2,ct.EOS1,ct.EOS2,ct.LYM1,ct.LYM2,ct.MONO1,ct.MONO2,ct.NEUT1,ct.NEUT2,GLDH1,GLDH2,Glucose2,HCT1,HCT2,HDLD1,HDLD2,HDW1,HDW2,HR,HRV,INSULIN,Length1,Length2,LEPTIN,LTM1,LTM2,MCH1,MCH2,MCHC1,MCHC2,MCV1,MCV2,mHGB1,mHGB2,MPV1,MPV2,perc.EOS1,perc.EOS2,perc.Fat1,perc.Fat2,perc.LYM1,perc.LYM2,perc.MONO1,perc.MONO2,perc.NEUT1,perc.NEUT2,Phosphorus2,PLT1,PLT2,pNN50...6ms.,PQ,PR,QRS,QTC,QTc.dispersion,RBC1,RBC2,RDW1,RDW2,Retic1,Retic2,rMSSD,RR,ST,T.Area1,T.Area2,TG1,TG2,TTM1,TTM2,urine.creatinine2,urine.Glucose2,urine.microalbumin2,WBC1,WBC2
F01,F,hf,agouti,0.4528,0.4987,0.0525,0.0553,30.22,31.94,30.61,33.87,35.17,36.45,34.63,36.42,36.78,35.46,36.31,9.5,28,27.5,14.6,15.6,96,101,0.15345,0.26235,4.2174,4.0095,0.099,0.09405,0.46035,0.5544,8.2,16.6,210,52.1,56.8,78.2,82.8,1.49,1.48,820,6.8,0.735896348,9.1,8.9,17.47991675,19,18.2,14.4,14.2,29.5,28.3,48.9,50.3,15.4,16.1,6.4,6.1,3.1,5.3,38.12,46.48,85.2,81,2,1.9,9.3,11.2,5.8,1214,1219,0,17.5,23.9,10.3,44.7,22.4,10.66,11.29,12.3,12,2.84,0,1.06,73.2,28.4,25.97,27.31,111,96,30.71,34.03,22.86,14,0.11,4.95,5.76
F02,F,hf,black,0.4539,0.551,0.0519,0.0551,30.47,32.48,32.37,33.53,33.58,35.69,35.62,37.23,37.65,35.76,35.63,10.5,30.5,28.4,16.3,15.5,118,125,0.28509,0.25155,4.80181,4.66765,0.07267,0.12298,0.40807,0.50869,8.9,24.2,179,53.4,54.7,95.3,113.6,1.84,1.63,783,8.4,4.122334576,9.2,9.1,32.47373962,19.8,18.4,14.7,13.7,31.4,28.9,46.9,47.6,16.7,15.8,6.6,6.1,5.1,4.5,36.69,46.1,85.9,83.5,1.3,2.2,7.3,9.1,6.7,1171,1222,0,20.1,27.1,10.1,41.1,25.9,11.37,11.49,13.1,12.3,4.93,0,0.73,76.6,26.4,26.22,26.14,117,127,31.34,34.23,78.3,82,0,5.59,5.14
F03,F,hf,white,0.6764,0.8205,0.0618,0.0658,21.48,22.82,22.33,22.78,21.41,23.6,23.12,23.67,24.37,24.12,24,8.3,28.4,27.6,16.5,16,96,97,0.2616,0.12426,5.3955,5.57208,0.07194,0.0654,0.76518,0.7521,8,9.1,145,58.3,58.2,78.6,65.6,1.7,1.51,779,14.7,0.635474868,9,9.2,0.902815531,18.2,17.1,14.4,14.2,29.4,28.5,48.9,49.8,17.2,16.6,7.4,7.4,4,1.9,16,19.08,82.5,85.2,1.1,1,11.7,11.5,4.3,1062,992,0,23.8,30.6,10.2,46.7,30.2,11.92,11.69,14.7,12.8,3.91,0,1.78,77.1,31.3,18.61,19.85,76,121,21.69,21.14,60.46,93,0,6.54,4.89
F04,F,hf,agouti,0.4992,0.525,0.0516,0.0553,19.72,19.92,19.29,19.38,17.96,20.27,19.8,21.24,21.51,21.09,20.55,9.6,29.7,27.2,16.3,16.5,82,102,0.38528,0.25284,5.09292,4.62336,0.07224,0.04816,0.42742,1.04146,14.2,8.2,216,54.9,60.5,65.9,75.5,1.67,1.55,741,20.8,0.391325864,8.7,8.1,1.509661976,14.5,14.6,14.6,14,30.9,27.9,47.2,50.1,16.9,16.9,6.6,6.2,6.4,4.2,23.59,24.6,84.6,76.8,1.2,0.8,7.1,17.3,4.9,1177,1280,0,20.9,27.7,10,44,24.4,11.64,12.08,14,13.4,3.35,0,0.9,81.1,30.2,18.37,17.87,57,73,19,19.27,NA,NA,0,6.02,6.11
F05,F,hf,agouti,0.4793,0.4823,0.0534,0.0573,29.24,32.22,33.76,33.31,33.07,35.25,35.06,37.46,39.35,39.38,39.02,8.2,29.3,27.4,16.9,16.6,112,114,0.3102,0.23124,4.29768,4.3428,0.06204,0.20868,0.91932,0.8178,9.7,21,159,57.6,60.8,94,93.2,1.69,1.47,754,4.4,1.493564261,9.1,9.5,10.029733,22.5,23.6,14.2,13.9,30,28.1,47.3,49.6,17.3,17.1,7.1,5.9,5.5,4.1,29.07,39.89,76.2,77,1.1,3.7,16.3,14.5,4.4,1462,1746,0,23.7,31.2,11.6,44.3,23.9,12.18,12.26,14.4,12.2,3.28,0,0.66,79.6,28.4,25.29,28.28,83,62,31.84,39.23,87.88,109,0.7,5.64,4.78
F06,F,hf,agouti,0.4287,0.496,0.0522,0.0564,25.14,27.5,28.55,31.02,30.59,33.78,34.03,37.45,37.57,35.3,35.76,10.1,30.7,28.4,16.2,16.6,124,144,0.1656,0.31395,2.9739,2.64615,0.05175,0.1104,0.2415,0.3519,11.6,10.8,198,52.9,58.6,105.2,131.8,1.81,1.44,795,53,0.315926102,8.8,9.1,53.58187481,18.2,19,15.8,15,30.7,29.3,51.4,51.2,16.2,17.1,6,6.9,4.8,9.1,31.61,43.97,86.2,76.7,1.5,3.2,7,10.2,4.5,1187,1002,4.69,20.6,27.3,10.1,43.2,64,10.28,11.44,13.7,12,5.54,0,13.58,76.1,27.9,23.51,27.51,80,62,26.58,33.86,37.16,65,0,3.45,5.11
F07,F,hf,white,0.4699,0.4725,0.0568,0.0553,24.68,27.56,28.05,27.73,27.54,27.64,29.85,32.66,31.39,31.46,32.89,9.3,28.8,28.7,14.9,15.6,106,102,0.1742,0.1139,5.6213,5.6213,0.1005,0.1206,0.7638,0.7839,11.9,6,213,51.7,54.5,75,78.1,2.22,1.66,817,4.2,0.917857964,8.9,9,8.717730659,18.8,21.5,15.5,15.1,30,29.8,51.5,50.8,15.5,16.2,7.5,7.6,2.6,1.7,28.84,29.88,83.9,83.9,1.5,1.8,11.4,11.7,4.9,1270,1387,0,22.6,29.6,10.3,47.8,25.3,10.05,10.73,15,14.9,7.74,2.64,0.53,73.4,31.2,21.22,23.72,117,157,26.36,30.6,45.06,117,0.07,6.7,8.85
F08,F,hf,agouti,0.5412,0.5771,0.0561,0.0574,33.7,36.44,35.66,37.96,40.22,43.48,46.82,49.15,49.73,48.49,47.04,8.8,29.1,28.4,16.6,15.1,78,98,0.48816,0.15368,3.65668,3.73352,0.08588,0.12656,0.2712,0.452,8.8,7.9,203,57.1,53.4,71.2,91,1.58,1.59,777,84.3,1.598754315,9.3,10,116.1529966,20.2,21.8,15.2,14.6,30.1,28.9,50.6,50.5,17.2,15.5,6.8,5.9,10.8,3.4,42.95,51.71,80.9,82.6,1.9,2.8,6,10,4.7,1048,1220,14.1,21.3,27.7,10.1,45.1,56.2,11.27,10.56,12.8,13.5,4.84,2.71,19.89,78.7,30.2,27.91,34.07,47,62,35.36,45.13,103.68,101,0,4.52,5.3
F09,F,hf,agouti,0.617,0.6717,0.0589,0.0617,19.76,19.39,19.49,20.21,20.67,20.81,21.06,21.28,21.45,21.25,21.68,10.4,29.4,NA,15.2,NA,83,85,0.15548,NA,2.49106,NA,0.04056,NA,0.66924,NA,13.2,9.7,148,51.6,NA,69.1,69.2,1.95,NA,NA,NA,0.419182345,8.5,9,1.093408909,14.5,16,14.8,NA,30.1,NA,49.2,NA,15.5,NA,6.5,NA,4.6,NA,18.27,17.21,73.7,NA,1.2,NA,19.8,NA,5.5,1375,NA,NA,NA,NA,NA,NA,NA,10.47,NA,17.1,NA,6.2,NA,NA,NA,NA,17.61,19.92,55,54,17.74,19.3,77.55,157,0,3.38,NA
F10,F,hf,black,0.3653,0.3979,0.0487,0.0516,22.47,23.16,23.49,24.91,24.8,26.26,27.07,27.77,27.47,27.95,27.87,8.3,30.7,29.6,15.5,15.5,99,81,0.14712,0.15938,5.41892,4.9653,0.07356,0.1226,0.45362,0.85207,9.8,9.8,164,50.5,52.3,82.5,72.7,2.01,1.68,806,4.7,0.251365782,8.5,8.9,21.7421198,15,16.9,15.5,15,31.1,29.7,50,50.4,15.7,15.5,6.5,5.6,2.4,2.6,32.22,37.12,88.4,81,1.2,2,7.4,13.9,4.2,1234,1313,0,19.7,26.7,10.9,42.8,25.7,10.11,10.37,14.5,13.1,7.31,3.71,0.65,74.5,26.5,19.37,23.37,67,61,22.08,26.89,79.75,108,0,6.13,5.52
F11,F,hf,agouti,0.4434,0.5071,0.0533,0.0556,21.78,24.29,22.07,23.76,25.15,24.25,24.43,24.24,24.05,23.26,22.39,9.6,29.9,29.2,16.1,16,98,107,0.20288,0.40259,2.33946,2.41237,0.13631,0.0317,0.48184,0.29798,12.1,7.5,173,53.7,55,77.6,79.1,1.69,1.45,NA,NA,0.159637365,8.6,8.1,5.276716414,16.2,16,13.7,14,30.9,29.8,44.5,47,16.6,16.4,7.5,7.1,6.4,12.7,30.59,28.68,73.8,76.1,4.3,1,15.2,9.4,5.3,1085,941,NA,NA,NA,NA,NA,NA,12.08,11.69,12.8,12.5,3.61,2.72,NA,NA,NA,21.44,19,63,83,23.37,22.48,34.02,40,0.05,3.17,7.24
F12,F,hf,black,0.4147,0.4764,0.0506,0.0557,18.63,18.78,18.79,20.24,21.5,21.44,21.51,23.47,23.7,22.97,22.44,9.5,29.4,28.6,15.6,16.1,81,91,0.48375,0.74175,5.30835,5.0826,0.16125,0.1419,0.44505,0.4257,7.5,5.2,150,53.1,56.2,69.5,78.6,1.69,1.51,801,35.9,1.255505337,8.1,8,7.172612047,13.9,16.4,15.2,15.2,30.3,29.5,50.2,51.6,16.1,16.6,7,7.2,7.5,11.5,26.3,29.24,82.3,78.8,2.5,2.2,6.9,6.6,6.3,1195,1230,4.76,22.4,29.5,11.6,43.9,26.8,10.57,10.89,15.5,12.6,4.79,2.39,2.17,75.1,27,17.85,21.4,86,95,18.84,23.16,96.18,117,0,6.45,5.88
F13,F,hf,agouti,0.4969,0.5353,0.0569,0.0594,24.38,25.43,24.74,27.14,26.35,29.08,28.24,29.6,30.4,29.72,31.1,8.8,29.7,27.7,16.5,16.2,145,139,0.17306,0.21378,9.09074,8.82606,0.23414,0.14252,0.60062,0.88566,9.9,9.7,165,55.4,58.5,115.2,113.9,1.73,1.55,822,16.5,0.046539447,8.8,8.8,7.169401324,17.2,19,14.4,14,30.9,28.3,46.6,49.6,17.1,16.5,6.4,6,1.7,2.1,29.13,31.73,89.3,86.7,2.3,1.4,5.9,8.7,5.4,1376,1301,1.41,19.6,26.3,10.5,43.3,23.7,11.9,11.79,12.5,12.4,3.83,3.99,1.11,73,27,21.71,23.71,165,98,24.23,27.79,46.75,45,0.08,10.18,10.38
F14,F,hf,agouti,0.6056,0.6459,0.0611,0.0619,23.54,24.3,23.79,25.18,26.36,26.37,26.72,27.98,28.72,27.79,28.06,7.7,29.5,28.4,16.3,16.3,81,106,0.348,0.54375,5.7855,5.58975,0.145,0.10875,0.93525,0.97875,7.8,8.8,149,55.2,57.4,61.4,77.3,1.58,1.42,816,8.4,0.254583546,9,8.9,3.91180835,18.8,20,15.1,14.9,30.8,29.4,49.2,50.7,17,16.8,6.9,6.4,4.8,7.5,19.29,20.92,79.8,77.1,2,1.5,12.9,13.5,5.4,1083,857,0,22.9,29.7,10.3,41.6,27.7,11.24,11.32,12.5,12.4,2.03,1.97,0.75,73.6,25.8,20.32,21.84,73,82,23.32,25.32,47.07,46,0,7.25,2.71
F15,F,hf,agouti,0.5312,0.5526,0.0561,0.057,33.03,33.9,32.52,34.03,36,37.91,38.01,40.4,40.79,40.15,39.44,9,30.9,29.7,17,16.4,135,127,0.5715,0.4191,6.03504,6.4389,0.28956,0.13716,0.67056,0.57912,6.2,6.2,207,55,55,114,108.1,1.97,1.71,NA,NA,0.624820745,9.3,9.5,14.46019495,22.4,22.8,16.2,15.4,31.4,30,51.7,51.3,17.2,16.5,6.7,6.2,7.5,5.5,32.23,40.01,79.2,84.5,3.8,1.8,8.8,7.6,5.6,1717,1871,NA,NA,NA,NA,NA,NA,10.65,10.73,14.1,12,4.94,1.83,NA,NA,NA,27.81,30.28,77,95,33.02,38.04,48.68,61,0.32,7.62,6.42
F16,F,hf,agouti,0.4028,0.5021,0.0513,0.0515,29.59,31.47,32.72,33.23,35.79,36.23,37.65,39.82,40.57,39.59,38.96,9.2,28.6,28.9,17.1,16.4,109,103,0.18995,0.24235,5.08935,5.50855,0.1441,0.1179,1.09385,0.63535,5.9,10.9,224,59.8,56.8,95.6,102.4,1.67,1.62,NA,NA,2.992039922,8.9,9.4,37.70824886,18.7,19.9,14.7,14.5,29.7,29.2,49.5,49.5,17.8,16.6,7.1,6.3,2.9,3.7,39.18,44.16,77.7,84.1,2.2,1.8,16.7,9.7,5.4,1059,1524,NA,NA,NA,NA,NA,NA,12.09,11.47,13.2,12.6,3.84,2.47,NA,NA,NA,26.23,30.84,66,56,30.75,35.67,94.4,127,0.2,6.55,5.37
F17,F,hf,agouti,0.4905,0.5242,0.0583,0.0622,31.77,32.01,32.87,34.54,36.13,36.08,37.4,39.12,40.13,39.39,39.73,8.7,29.9,29.5,16,16.2,118,115,0.23352,0.278,9.41864,8.9516,0.3892,0.5004,0.96744,1.26768,25.2,34.3,145,53.4,55.1,88.7,85.3,1.76,1.55,852,5.1,8.724374147,8.8,9.3,40.98848997,19.7,21.2,15.7,14.9,30.8,30,50.9,49.6,16.4,16.5,7.5,7.1,2.1,2.5,37.74,42.85,84.7,80.5,3.5,4.5,8.7,11.4,5,1338,1613,0,20.9,27.7,11.3,40.9,24,10.5,11.1,13.1,11.5,3.19,1.71,0.67,70.4,23.5,25.73,27.35,58,50,31.58,37.22,101.22,156,0.09,11.12,7.39
F18,F,hf,white,0.4645,0.5329,0.0543,0.0585,18.89,18.52,20.08,22.05,24.3,25.51,26.48,26.35,26.87,25.3,25.2,10,29.9,28.9,16.4,16.2,137,126,0.46812,0.29382,4.01886,3.65034,0.05478,0.16932,0.41334,0.81174,90.6,64.2,133,54.7,56,110,106.1,1.58,1.56,849,11.2,1.246181349,8.4,8.8,18.99645852,13.6,15.6,14.6,13.5,31,29.4,47,45.9,17,16.5,7.9,7.8,9.4,5.9,21.23,29.72,80.7,73.3,1.1,3.4,8.3,16.3,5.4,1056,1268,0,21.8,28.3,9.9,40.9,27.8,11.65,12.21,13.4,11.8,3.96,2.22,1.28,70.7,25,16.76,20.7,62,62,17.16,22.18,91.85,100,0,4.98,3.36
F19,F,hf,agouti,0.4392,0.5311,0.0544,0.0564,24.69,26.86,26.8,27.18,27.71,27.77,29.23,30.83,31.51,30.85,30.34,9.5,28.9,27.9,16.3,16.4,111,113,0.42912,0.1341,7.52748,7.67052,0.1341,0.24138,0.77778,0.81354,43.9,36,219,56.5,58.7,94.7,105.9,1.67,1.44,798,11.2,NA,8.7,9,NA,16.8,18,14.7,14.1,29.8,28.9,49.4,48.7,16.8,16.9,6.2,6.1,4.8,1.5,33.51,36.49,84.2,85.8,1.5,2.7,8.7,9.1,3.6,1022,1225,0,23.5,30.6,10.7,45.4,28.7,11.44,12.04,13.2,12.8,4.74,1.78,0.64,75.2,29.2,22.42,25.5,61,64,25.32,28.29,39.76,83,0,8.94,6.38
F20,F,hf,abouti,0.4182,0.4725,0.0547,0.0542,23.64,25.41,26.28,26.6,27.57,26.28,29.87,31.72,32.44,30.77,31.24,9.6,28.2,27.7,15.1,14.8,131,127,0.38843,0.7518,11.41483,10.34978,0.13783,0.22554,0.47614,1.09011,19.6,48.4,232,53.7,53.4,113.1,116.5,1.68,1.52,673,22.6,0.833232322,8.5,9,34.49047615,16.6,18.7,13.4,12.8,29.6,28.4,45.2,45.2,15.9,15.1,8.2,7.4,3.1,6,33.54,37.62,91.1,82.6,1.1,1.8,3.8,8.7,3.6,1447,1239,4.11,20.1,28.1,12.2,52.7,38.4,11.86,11.82,12.5,12.2,4.03,2.78,2.8,89.3,38.1,21.05,25.39,70,78,25.01,29.87,122.97,138,0,12.53,8.49
F21,F,hf,abouti,0.4488,0.517,0.0557,0.0535,25.25,29.18,27.5,27.17,28.55,28.93,30.34,32.22,26.52,33.54,32.65,9.8,30.4,28.5,15.6,15.5,134,115,0.3724,0.30324,4.41028,4.44752,0.05852,0.06916,0.4522,0.47348,16.5,19.6,160,51.4,54.4,112.3,97.6,1.85,1.63,835,142.1,1.908013024,8.9,9.1,32.4515163,18,17.8,14.1,14.2,31.1,29.6,45.4,47.8,16,16.1,7.5,7.3,7,5.7,35.98,45.89,82.9,83.6,1.1,1.3,8.5,8.9,6.1,1221,1570,9.09,15.5,23,12.2,44.3,26.8,11.31,11.38,13.7,12.7,2.97,3.14,9.05,73.2,25.7,23.28,27.38,226,59,28.16,32.9,106.91,111,0.06,5.32,4.95
F22,F,hf,abouti,0.4451,0.4847,0.0546,0.0558,25.8,25.3,26.34,27.45,29.7,30.54,30.2,31.25,32.18,32.19,31.22,11.6,30.2,29,15.6,15.3,88,149,0.1116,0.2511,4.68162,4.45842,0.15066,0.10044,0.60264,0.73098,4.5,62.3,157,51.5,52.7,76.7,130.8,1.66,1.52,870,82.3,1.036205099,8.7,8.9,12.88053893,16,17.3,15,15.2,30.8,29.6,48.8,51.3,15.9,15.6,7.5,7.8,2,4.5,35.29,44.11,83.9,79.9,2.7,1.8,10.8,13.1,7.2,1467,1977,1.72,21.1,27.6,10.2,42,41.3,10.54,10.27,13.3,13.1,3.54,3.54,6,69.4,25.2,22.43,25.92,95,84,24.79,31.02,81.25,119,0,5.58,4.57
F23,F,hf,white,0.3869,0.4384,0.0529,0.0503,29.79,29.64,28.59,29.43,31.83,32.07,32.84,32.71,32.52,33.23,34.82,9.1,29,26.6,14.6,15.7,123,145,0.17808,0.24168,11.52432,11.6388,0.10176,0.10176,0.80136,0.62328,7.9,23.9,158,50.2,58.8,109.8,119.2,1.79,1.43,829,9.8,2.751209275,8.5,9,37.24538245,16.7,18.5,15.3,14.7,30.1,27.9,50.6,52.8,15.1,16.4,6.4,6.8,1.4,1.9,41.46,44.2,90.6,91.5,0.8,0.8,6.3,4.9,4.5,1484,850,0,20.9,27.6,9.7,45.4,20.1,9.91,11.13,12.7,12.3,4.79,3.53,0.57,72.4,29.5,23.47,27.16,69,99,28.55,33.15,43.21,91,0.03,12.72,8.75
F24,F,hf,agouti,0.3754,0.4247,0.0502,0.0533,21.24,20.73,22.51,23.17,24.37,24.59,24.83,25.44,26.49,26.67,27.33,8.2,30.6,29.9,16.4,16.5,101,88,0.2494,0.3016,4.1586,4.5994,0.1276,0.0464,1.2122,0.8236,21,33.2,164,53.8,55.3,89.1,80.5,1.87,1.63,NA,NA,0.594260926,8.4,8.4,6.55100945,14.2,17.5,15,15,31.3,30.5,47.8,49.2,16.8,16.9,6.6,6.3,4.3,5.2,29.53,34.08,71.7,79.3,2.2,0.8,20.9,14.2,5.4,1109,910,NA,NA,NA,NA,NA,NA,11.26,11.23,14.4,12.9,4.77,3.65,NA,NA,NA,18.76,22.54,89,110,20.12,26.46,83.12,121,0,5.8,4.46
F25,F,hf,agouti,0.4721,0.4793,0.0558,0.0564,24.77,28.26,26.73,28.62,29.83,30.61,31.58,33,34.89,33.97,36.53,8.8,29.3,30.6,16.5,14.7,98,99,0.79716,1.46292,6.81528,6.0444,0.21024,0.10512,0.86724,1.10376,13.9,6.3,172,56.3,48.2,81.4,85.9,1.78,1.74,764,7,5.453941343,8.9,9.1,12.45584103,17.9,19.8,14.4,13.8,30.5,30.6,47.4,45.2,17.1,14.7,7.7,5.5,9.1,16.7,32.67,37.14,77.8,69,2.4,1.2,9.9,12.6,5.7,1238,1328,0,22,30,11.4,52.1,23.1,11.87,10.66,13.4,13,3.62,2.37,0.53,78.6,35.2,22.31,26.12,66,56,26.62,31.4,71.32,116,0,8.76,4.53
F26,F,chow,agouti,0.5548,0.6141,0.0544,0.0567,27.3,27.03,21.18,25.61,27.11,26.7,26.73,27.63,27.6,27.85,28.29,10.2,30.2,28.3,17.4,16.1,NA,75,0.38586,0.0885,2.30808,2.82492,0.09558,0.07788,0.73632,0.51684,NA,7,126,57.8,56.7,NA,60,1.44,1.49,754,10.7,0.459518168,8.7,9.1,4.545344626,17.9,20.6,14.9,15.1,31.2,29.7,47.6,50.8,18,16.8,6.9,6.4,10.9,2.5,27.44,24.66,65.2,79.8,2.7,2.2,20.8,14.6,7,962,1111,0,22.7,30.2,11,48.3,23.3,12.12,11.16,13.1,12.4,2.89,2.9,0.65,79.6,32.6,22.59,23.89,NA,110,24.57,27.32,56.09,136,0,3.54,7.87
F27,F,chow,agouti,0.5761,0.7462,0.0558,0.0616,20.29,24.8,28.17,27.25,29.28,21.21,22.13,22.67,23.03,22.9,22.13,9.6,28.3,29.3,14.8,16.3,NA,69,0.0399,0.36575,5.3067,5.30005,0.1596,0.1596,1.0773,0.80465,NA,5.7,151,52.3,55.7,NA,59.2,1.5,1.51,709,17.4,0.130437779,9.1,8.8,1.138716061,15.9,16.2,14,15.1,29.8,31.2,46.9,48.4,15.6,17.4,6.9,6.1,0.6,5.5,17.03,19.19,79.8,79.7,2.4,2.4,16.2,12.1,6.5,1733,885,1.45,25.6,32.6,10,50.1,16.6,11.14,11.51,12.9,13.1,3.53,3.67,1.05,84.7,36.7,18.87,19.06,NA,69,19.2,20,41.31,71,0.05,6.65,4.66
F28,F,chow,agouti,0.5878,0.669,0.0562,0.0571,24.92,27.02,26.34,25.62,27.41,26.67,26.28,27.52,28.72,28,28.6,10,28.9,29.4,14.5,17.1,NA,88,0.18054,0.28084,8.48538,8.33493,0.2006,0.21063,1.08324,1.14342,NA,6.5,140,50.3,58.1,NA,67.2,1.63,1.56,693,45.5,0.263068525,9.1,9.2,2.782638133,18.1,20.5,14.8,16.4,30.9,31.4,47.9,52.3,15.5,18.2,6.8,6.2,1.8,2.8,20.14,20.65,84.6,83.1,2,2.1,10.8,11.4,5.8,1522,935,1.61,22.8,30.4,11.2,46.9,72.2,10.49,11.1,12.5,13.1,1.93,4.61,15.23,87.2,33,21.96,24.15,NA,110,22.63,25.9,48.54,96,0,10.03,7.56
F29,F,chow,agouti,0.641,0.6465,0.0613,0.0618,28.91,28.07,26.2,25.91,25.14,28.11,29.75,31.71,32.57,34.24,34.99,9.8,30.9,29.2,18,15,NA,68,0.7337,0.10672,11.43238,10.11172,0.10672,0.50692,0.89378,2.42788,NA,5.5,184,58.1,51.4,NA,50.4,1.55,1.63,694,63.5,1.679759183,9.3,9.5,7.909099821,20.5,23.8,16,13.7,32.6,29.3,49.2,46.9,19,15,6.3,6.4,5.5,0.8,21.51,29.73,85.7,75.8,0.8,3.8,6.7,18.2,8.1,1495,1312,48.94,22.6,30.3,10.9,48.9,27.1,11.81,10.96,11.6,13.3,2.18,4.34,4.55,87.2,35.2,22.63,26.81,NA,209,26.07,33.85,45.62,86,0,13.34,6.71
F30,F,chow,agouti,0.512,0.5428,0.0552,0.0564,27.4,23.55,24.15,22.25,22.66,26.42,26.87,27.4,28.61,27.76,29.78,9.7,30,27.9,16.2,13.3,NA,93,0.6424,0.25696,10.02144,9.78784,0.1168,0.36208,0.79424,1.168,NA,9.9,172,54.1,47.8,NA,74,1.48,1.62,714,21.8,0.882070154,9.1,9.2,9.045820014,19,21.2,15.9,15.7,31.5,31.3,50.5,50.3,17,14.9,6,6.7,5.5,2.2,24.77,23.41,85.8,83.8,1,3.1,6.8,10,5.6,1238,776,0,21.8,29.1,10.3,45.9,36.6,10.7,9.51,11.6,13.5,2.25,3.19,3.04,84.1,32.3,22.23,22.73,NA,114,25.18,27.73,59.87,108,0,11.68,7.71
F31,F,chow,agouti,0.5688,0.5632,0.0509,0.0522,22.16,22.72,23.07,23.02,24.77,24.41,27.56,29.05,28.16,27.73,29.07,9.6,30.3,28.6,14.5,15.6,NA,78,0.14544,0.22422,4.89042,4.8177,0.05454,0.07878,0.89082,0.89082,NA,11.6,186,47.9,54.6,NA,66.7,2.13,1.66,730,15.1,0.239708091,8.8,8.3,3.222604432,17.1,21,13.1,12.5,30.8,28.1,42.6,44.6,14.8,15.3,7.2,7,2.4,3.7,19.24,22.95,80.7,79.5,0.9,1.3,14.7,14.7,5.5,1096,1169,0,21.2,28.6,12.5,46.8,26.3,11.24,12.23,14.6,13.3,5.01,3.94,1.52,82.2,30.4,20.56,23.96,NA,115,21.17,27.26,58.28,106,0,6.06,5.19
F32,F,chow,agouti,0.675,0.661,0.0587,0.0618,23.55,24.82,24.08,24.06,25.99,25.44,28.54,29.59,29.16,29.38,30.58,9.6,30.8,29,16.7,16.3,NA,73,0.03817,0.04511,2.7066,2.61985,0.04511,0.05552,0.64889,0.68359,NA,3.9,165,54.1,56.2,NA,61,1.64,1.71,694,7.7,0.356259578,8.5,9.5,5.96466357,18.5,21.2,15.5,15.2,31.3,29.3,49.5,51.9,16.9,16.4,7,6.6,1.1,1.3,18.7,26.37,78,75.5,1.3,1.6,18.7,19.7,6.9,953,966,0,22.8,30,11,44.1,30.7,10.94,10.81,12,13.1,2.28,3.91,1.05,86.5,30.5,20.53,23.79,NA,104,22.67,28.84,102.78,190,0,3.47,2.73
F33,F,chow,white,0.5029,0.5328,0.0546,0.0581,21.69,21.6,21.87,21.71,24.29,24.53,24.84,26.64,26.48,26.3,26.71,8.8,29.8,28.4,16.1,16.4,NA,62,2.34792,0.46741,7.33725,9.15254,0.08696,0.20653,1.02178,0.9783,NA,5.8,146,54,57.6,NA,48.4,1.59,1.41,745,14.5,0.601840039,9.1,8.8,5.979672532,16.1,18.4,13.8,14,30.6,29,45.1,48.2,16.5,16.7,7,6.9,21.6,4.3,20.52,27.41,67.5,84.2,0.8,1.9,9.4,9,5.6,1299,914,0,22.8,30.8,11.6,51,26.1,11.99,11.94,12.3,12.4,0.98,2.31,1.12,80.5,34.6,18.58,22.03,NA,153,20.29,25.44,130.86,194,0,10.87,4.8
F34,F,chow,buff,0.4452,0.5417,0.0489,0.0531,22.95,23.98,24.76,24.73,25.47,25.69,26.77,27.52,28.53,28.07,29.08,9.8,29.2,28.2,15.8,17,NA,119,0.31075,0.34804,9.62082,10.25475,0.2486,0.34804,2.1131,1.39216,NA,8.5,74,54,60.2,NA,97.4,1.62,1.58,842,11.3,0.706725426,8.4,9.2,4.976420501,17.1,21.2,14.6,14.8,30.4,28.9,48,51.3,16.5,17.4,6.6,9.7,2.5,2.8,26.52,23.33,77.4,82.5,2,2.8,17,11.2,6.5,1272,540,0,18.8,25.4,10.2,41,26.6,11.25,11.74,13,13.4,4.06,4.66,0.54,71.3,24.9,20.94,23.76,NA,135,23.3,27.66,45.62,128,0,12.43,12.73
F35,F,chow,agouti,0.6361,0.7051,0.0584,0.0626,26.25,26.6,25.49,26.1,27.56,27.56,29.26,31.51,30.89,32.68,32.48,9.6,29.3,27.8,16.1,15.4,NA,104,0.3654,0.50112,8.091,8.12232,0.3132,0.34452,1.55556,1.34676,NA,10.3,175,54.8,55.6,NA,76.5,1.65,1.57,NA,NA,0.62691383,9.1,9.5,4.937137736,18.5,23.4,14.5,14.3,30.6,28.6,47.5,50.2,16.8,15.9,7.6,7.3,3.5,4.8,21.17,23.93,77.5,77.8,3,3.3,14.9,12.9,4.5,1425,1140,NA,NA,NA,NA,NA,NA,11.55,11.08,12.7,13.7,2.73,4.07,NA,NA,NA,21.74,26.89,NA,114,23.45,30.66,80.94,159,0,10.44,6.27
F36,F,chow,agouti,0.557,0.6215,0.051,0.0568,19.09,19.24,19.48,18.82,19.44,19.21,18.66,19.99,19.16,19.34,20.49,9.8,30.9,29.3,15.8,16.3,NA,45,0.44178,0.38208,4.6566,4.6566,0.07761,0.1791,0.77013,0.7164,NA,5.8,151,51,55.6,NA,38.8,1.53,1.5,824,4.9,0.411564227,8.5,8.6,0.70650984,14.2,15,14.9,14.5,32,29.3,46.5,49.5,16.3,16.3,7.1,6.8,7.4,6.4,19.69,18.14,78,78,1.3,3,12.9,12,5.5,1073,1006,0,21.8,28.9,10.5,46.2,27.5,10.97,11.24,14.1,13.8,3.19,4.11,0.49,72.8,29.5,18.36,17.82,NA,39,17.73,18.28,95.45,145,0.39,5.97,5.41
F37,F,chow,agouti,0.4488,0.5508,0.0499,0.052,21.33,21.43,19.8,21.1,20.59,20.19,22.54,22.46,21.84,22.21,22.5,9.2,30.2,28.8,15.9,15.2,NA,71,0.28416,0.29304,7.79664,7.6368,0.10656,0.0888,0.63048,0.80808,NA,23.6,141,52.7,52.9,NA,58.7,1.55,1.58,746,3,0.317644426,8.3,8.9,2.210066814,14.2,15.9,14,13.7,31.5,29.3,44.5,46.8,16.6,15.5,7.4,6.8,3.2,3.3,24.96,22.21,87.8,86,1.2,1,7.1,9.1,5.7,1257,1243,0,20.4,28.1,11.4,49.8,25.8,11.84,11.31,12,12.8,2.17,3.71,0.55,80.4,33.8,18.61,20.34,NA,103,19.04,20.53,44.01,66,0,8.88,7.95
F38,F,chow,agouti,0.5994,0.7156,0.0566,0.058,23.34,22.73,22.09,20.7,22.79,22.73,23.24,24.08,23.7,22.98,23.23,8.4,30.4,28.2,16.9,14.8,NA,46,0.28364,0.3039,8.39777,8.66115,0.19247,0.14182,1.14469,0.97248,NA,8.7,144,55.6,52.4,NA,37.4,1.51,1.63,765,16.9,0.855615658,8.7,9,0.934447692,16.6,17.5,15.7,13.6,31.7,28.9,49.6,47.1,17.6,15.1,8,6.5,2.8,3,20.4,16.81,82.9,85.5,1.9,1.4,11.3,9.6,4.3,1335,1036,4.76,21.4,28.9,11.4,46.5,33.7,11.21,11.13,11.8,14.6,3.56,3.25,2.96,78.4,30.3,20,20.61,NA,35,20.89,21,63.23,84,0,10.13,4.86
F39,F,chow,agouti,0.5422,0.5608,0.0531,0.055,20.73,20.1,19.78,20.23,21.3,20.96,21.2,21.65,22.08,22.02,22.53,9.1,29.6,29,15.9,17.1,NA,73,0.47853,0.30675,10.57674,9.59514,0.20859,0.3681,0.89571,1.93866,NA,8.2,149,53.7,58.9,NA,63.1,1.51,1.47,791,6.1,0.942059654,8.4,8.4,2.171392107,14.5,16,14.6,15.4,30.4,29.6,48.1,52.1,16.3,17.4,6.7,7.6,3.9,2.5,22.47,22.24,86.2,78.2,1.7,3,7.3,15.8,4.9,1498,1070,0,21.5,28.6,10.9,43.8,25.4,11.15,11.31,12.4,12.1,2.25,4.38,0.98,75.9,27.8,18.54,20,NA,101,18.65,20.63,69.9,203,0,12.27,4.63
F40,F,chow,agouti,0.5126,0.5935,0.0534,0.0527,20.27,20.6,21.18,21.65,20.27,20.59,22.09,22.42,21.32,21.88,22.79,9.5,29.6,28.5,15.3,14.4,NA,83,0.18304,0.03328,7.18016,7.28,0.05824,0.14144,0.85696,0.78208,NA,5.8,198,51.7,50.6,NA,67.5,1.59,1.53,801,5.1,0.896924508,8,8.7,1.903653254,15,16.5,13.7,14.1,30.7,28.4,44.7,49.6,15.9,14.4,6.4,6.1,2.2,0.4,20.48,20.37,86.3,87.5,0.7,1.7,10.3,9.4,5,907,1333,0,21.8,28.7,11.2,43.4,22,11.57,10.19,13.3,12.4,1.91,3.79,0.62,75,26.8,16.83,19.91,NA,87,18.93,20.7,45.67,57,0,8.32,6.43
F41,F,chow,black,0.4429,0.5572,0.0497,0.0516,19.56,21.49,22.33,22.52,22.95,22.3,24.43,24.38,25.05,23.63,24.18,9.5,30.1,28.9,15.5,15.3,NA,75,0.42752,0.48096,11.022,10.96856,0.16032,0.2004,1.54976,1.6032,NA,5.9,161,51.5,52.8,NA,56.5,1.53,1.54,804,18.7,1.260196164,8.3,9.1,4.157633713,15.6,17.5,14.2,14.2,30.9,29.2,46,48.7,15.9,15.4,6.8,6.6,3.2,3.6,22.74,21.25,82.5,82.1,1.2,1.5,11.6,12,6.4,1715,1176,1.72,22.5,29.2,10,44.5,24,11.19,10.86,13.3,13.3,3.14,3.86,1.25,74.7,29,17.86,21.01,NA,66,20.17,22.18,86.8,144,0,13.36,8.75
F42,F,chow,black,0.4964,0.5315,0.0505,0.055,24.91,24.73,24.15,24.69,25.12,26.28,27,27.94,27.64,27.93,28.45,9,29.3,28.5,16.4,15.1,NA,43,0.57424,0.09312,6.23904,6.89088,0.05432,0.09312,0.83032,0.6208,NA,11.6,194,55.8,53.2,NA,39.2,1.62,1.62,858,4.8,0.70022,8.5,9,7.462319658,16.8,19.4,14.2,14.9,30.7,30.7,46.4,48.6,17.1,16.3,6.7,6.6,7.4,1.2,28.19,28.26,80.4,88.8,0.7,1.2,10.7,8,5.3,1052,996,0,11.9,18.7,11.2,42.8,26.3,12.02,10.94,13.3,13.4,3.13,4.56,0.63,69.9,25.1,21.36,24.07,NA,93,23.41,27.08,92.91,161,0,7.76,3.56
F43,F,chow,black,0.5339,0.6646,0.0562,0.0645,29.74,27.92,29.2,26.87,26.81,27.37,29.26,29.77,30.19,29.47,29.15,9.2,29.1,27.5,16.3,16,NA,112,0.59508,0.29754,3.74796,3.93066,0.09918,0.18792,0.75168,0.783,NA,8.8,222,55.9,58.1,NA,94.4,1.62,1.6,NA,NA,1.19875556,9,9.1,6.846752588,19.6,19.5,15.2,14.6,30.9,28.7,49.2,50.9,17.2,16.7,7.4,7.2,11.4,5.7,27.33,28.61,71.8,75.3,1.9,3.6,14.4,15,5.8,1628,1304,NA,NA,NA,NA,NA,NA,11.36,11.42,13.4,12.7,2.69,3.44,NA,NA,NA,23.3,22.79,NA,104,26.93,27.3,30.19,51,0,5.22,4.22
F44,F,chow,agouti,0.4879,0.524,0.0559,0.0577,26.45,27.51,27.69,28.47,29.59,30.32,31.39,31.38,31.86,30.46,31.8,9.1,30.4,29.3,17,17.6,NA,83,1.21572,0.43287,6.25359,6.91671,0.25788,0.52497,1.41834,1.28019,NA,8.3,248,56,60.1,NA,66.3,1.65,1.65,846,9.9,0.568797913,9.2,9.4,11.31775611,18.6,20.2,14.8,14.9,31.1,29.9,47.8,49.7,17.4,18,6.9,6.5,13.2,4.7,29.86,34.51,67.9,75.1,2.8,5.7,15.4,13.9,5,1870,1408,0,18.3,25,10.7,43.4,23.3,11.73,12.1,11.6,12.1,2.57,4.23,0.63,71,26.4,22.64,25.64,NA,73,26.64,30.8,121.22,169,0,9.21,4.69
F45,F,chow,agouti,0.5915,0.6612,0.0578,0.0578,19.9,19.88,20.51,20.92,21.83,22.14,22.58,22.88,22.92,22.75,23.52,8.8,29.3,28.2,16,15.6,NA,70,1.705,0.713,12.493,13.64,0.1705,0.1705,0.992,0.8525,NA,5.8,135,54.5,55.1,NA,59.6,1.52,1.52,692,21.1,0.018872697,8.1,9,0.784269434,15.3,17.5,13.5,13.2,30.1,28.2,44.9,46.7,16.4,15.6,7.1,6.9,11,4.6,16.02,17.24,80.6,88,1.1,1.1,6.4,5.5,5.4,2042,1725,1.47,23,30.2,11.4,47.6,26.8,12.15,11.81,12.5,13.4,2.09,2.31,1.77,86.7,33.4,16.89,19.41,NA,49,18.24,21.14,51.6,86,0,15.5,6.39
F46,F,chow,white,0.6118,0.5807,0.0532,0.0595,20.5,20.72,21.41,21.55,22.59,23.75,23.4,26.6,24.84,25.13,26,9.3,31,28.2,16.6,15.4,NA,60,0.29315,0.20746,3.6982,3.608,0.12628,0.08569,0.38335,0.57277,NA,6.6,180,53.7,54.5,NA,47.4,1.47,1.57,773,7.5,2.090169533,8.5,9,4.339166073,15.5,18,16.2,14,32,28.6,50.5,48.9,17.2,15.6,5.8,6.9,6.5,4.6,17.37,26.78,82,80,2.8,1.9,8.5,12.7,4.9,1438,802,0,22.4,29.8,10.7,47,32.3,10.62,11.14,11.7,12.7,1.12,4.24,1.09,77.6,31.3,18.63,21.4,NA,113,18.77,24.63,50.35,88,0,4.51,8
F47,F,chow,agouti,0.6049,0.5927,0.0501,0.0448,28.06,24,24.86,23.65,25.11,24.72,25.63,28.02,25.52,25.05,26.22,10,30.9,28.6,16.3,16.6,NA,57,0.52668,0.42636,5.04108,5.14767,0.05643,0.15675,0.60192,0.48279,NA,8.1,106,52.9,58.1,NA,44.2,1.54,1.6,NA,NA,0.629587988,9,8.9,2.440465261,17.9,20.9,15.1,14.2,31.9,29.3,47.3,48.4,16.9,17,6.2,6.8,8.4,6.8,19.38,14.78,80.4,82.1,0.9,2.5,9.6,7.7,4.4,1143,824,NA,NA,NA,NA,NA,NA,11.2,11.99,12.1,13.2,2.28,3.48,NA,NA,NA,20.7,22.14,NA,56,22.17,24.5,NA,NA,NA,6.27,13.86
F48,F,chow,agouti,0.4813,0.4881,0.0549,0.054,24.47,25.08,24.43,26.77,26.16,25.21,26.61,27.07,25.15,24.83,26.81,9,29.8,28.5,16.7,15.8,NA,69,1.1845,0.8446,8.1164,8.5593,0.103,0.1133,0.824,0.7416,NA,8,143,55.9,55.5,NA,53.9,1.43,1.43,775,68.8,2.760342038,8.9,9,5.460674626,17.5,17.7,14.6,14.8,30.9,29.9,47.5,49.4,17.2,16.6,6.4,6.8,11.5,8.2,28.01,29.53,78.8,83.1,1,1.1,8,7.2,5.5,1171,1054,6.67,19.8,27.5,11.2,45.9,45,11.77,11.22,11.4,12.1,1.31,2.89,14.31,78.2,29.8,21.59,22.25,NA,99,24.26,25.12,16.01,40,0.75,10.3,6.98
F49,F,chow,agouti,0.4467,0.479,0.0515,0.0522,24.35,25.27,24.36,25.62,27.21,27.81,27.72,24.44,29.51,28.7,30.02,10,29,27.6,15.6,14.2,NA,101,0.33383,0.14056,15.42646,15.79543,0.19327,0.26355,1.38803,1.19476,NA,4.8,169,53.8,51.4,NA,90.6,1.49,1.52,NA,NA,0.526659242,9,9.1,11.15833166,17.2,19.1,14,15,30.1,30.4,46.5,49.3,16.2,15.6,6.5,6.4,1.9,0.8,29.45,32.33,87.8,89.9,1.1,1.5,7.9,6.8,6.3,1870,1311,NA,NA,NA,NA,NA,NA,11.56,10.43,12.1,11.9,1.88,3.99,NA,NA,NA,21.5,25.22,NA,97,24.35,28.21,99.99,165,0,17.57,9.14
F50,F,chow,agouti,0.557,0.6417,0.0554,0.0592,25.15,22.08,25.26,22.65,23.02,23.69,24.81,25.75,24.81,24.9,25.62,9.7,29.7,29.7,16.9,16.4,NA,46,0.96815,0.37587,9.14617,9.47648,0.15946,0.35309,1.03649,1.12761,NA,2.4,211,57,55,NA,32.2,1.56,1.48,740,8.3,0.254822557,9.1,8.6,2.016698217,16.4,18.6,14.6,15.9,30.8,30,47.4,53,17.6,16.5,7,6.5,8.5,3.3,20.71,19.27,80.3,83.2,1.4,3.1,9.1,9.9,4.3,677,1395,0,21.2,29.2,11.7,51.9,12.1,12.01,10.38,12.7,11.7,3.57,1.74,0.8,81.1,35.5,19.84,20.24,NA,188,20.73,22.96,86.4,142,0,11.39,4.42
F51,F,chow,agouti,0.6255,0.7473,0.0542,0.0596,20.57,20.52,21.66,23.53,23.43,23.22,23.74,24.09,24.13,24.89,24.51,9.5,28.4,27.9,15.5,15.8,85,95,0.16225,0.23364,5.62683,5.58789,0.10384,0.0649,0.55814,0.56463,11,7.6,167,54.5,56.8,66.5,69.5,1.65,1.53,733,21.3,1.428362752,9.1,9.7,2.40547418,15.5,18.3,14.2,14.4,29.2,29,48.4,49.5,15.9,16.5,6.9,7.6,2.5,3.6,18.36,20.38,86.7,86.1,1.6,1,8.6,8.7,6,855,1150,1.69,21.4,29.1,11.3,45,30.2,11.26,11.47,12.9,11.7,2.29,1.45,2.09,81.9,30,19.7,20.87,115,108,19.04,22.95,150.57,175,0,6.49,4.71
F52,F,chow,agouti,0.6463,0.6901,0.0514,0.0565,22.9,23.39,25.19,24.87,24.5,24.72,25.55,25.28,24.71,27.05,26.51,9.7,28.8,29,16.4,17.9,101,96,0.15268,0.2429,5.95452,5.78796,0.1735,0.0694,0.60378,0.78422,9.9,14.3,162,56.9,61.7,69.2,64.4,1.48,1.48,782,46.9,0.860621994,9,9.6,4.797522708,19.2,20.6,15.5,15.3,30,29.9,51.7,51.3,17.1,18.4,6.6,7.1,2.2,3.5,15.25,14.7,85.8,83.4,2.5,1,8.7,11.3,5.5,1014,1036,1.37,17.9,24.1,9.8,40.9,30.6,11.01,12.03,12.9,11.4,3.43,2,8.95,77.2,26.5,22.12,22.75,94,185,22.68,24.23,62.95,92,0,6.94,8.28
F53,F,chow,agouti,0.5807,0.628,0.0515,0.0561,18.42,19.87,19.93,20.64,20.94,20.44,22.82,21.96,22.19,23.9,22.72,10.5,29,28.1,16,17.2,87,96,0.11908,0.38472,7.63028,7.88676,0.24732,0.21068,1.07172,0.60456,5.7,6.4,191,55.3,61.2,67.4,67.5,1.55,1.54,796,7.3,0.659487304,8.6,9.5,1.135617577,14.2,16.6,15.1,14.9,30,29.3,50.3,50.8,16.6,17.9,6,6.1,1.3,4.2,19.78,19.85,83.3,86.1,2.7,2.3,11.7,6.6,6.5,956,746,0,21.6,28.3,9.7,43.9,28,10.99,12.04,12.2,12.7,2.9,0.94,0.7,75.4,29,18.67,20.36,93,71,17.67,20.72,57.28,68,0.38,9.16,10.47
F54,F,chow,agouti,0.674,0.7348,0.0595,0.0654,18.06,17.95,19.27,19.41,20.03,19.28,19.67,19.11,19.25,20.08,19.14,9.2,30.1,28.5,15.9,17.4,82,97,0.17526,0.381,6.49224,6.16458,0.16764,0.20574,0.71628,0.82296,8.4,9.4,114,52.8,61.2,58.9,73.4,1.6,1.45,729,47.1,0,8.5,8.7,4.194189502,13.4,13.9,14.9,14.7,30.3,29.2,49,50.2,16,17.9,6.7,7,2.3,5,19.29,20.16,85.2,80.9,2.2,2.7,9.4,10.8,3.2,1062,1119,1.45,21,28.1,10.3,44.5,68.9,10.77,12.17,12,11.5,3.53,1.76,13.78,82.9,30.6,17.78,17.56,129,129,16.61,17.41,97.91,137,0,7.62,10.9
F55,F,chow,agouti,0.5087,0.5952,0.0519,0.0577,32.46,31.83,32.7,35.23,35.16,33.01,35.03,35.89,36.62,37.43,36.23,10.4,27.7,27.7,15.3,16,84,117,0.3711,0.38347,10.72479,10.56398,0.18555,0.22266,0.96486,1.10093,3.5,3.5,199,55.1,57.9,70.5,90.8,1.53,1.47,805,6.6,6.978311227,9.2,9.8,18.74079941,22,23.9,14.2,13.7,29.1,28,48.9,49.1,16,16.2,7,7,3,3.1,28.14,32.81,86.7,85.4,1.5,1.8,7.8,8.9,4.1,1231,1372,0,21.1,27.9,10.6,43.6,30.1,11.26,11.8,12.5,11.6,3.8,1.92,0.76,74.5,27.5,25.16,28.5,151,203,30.59,35.46,74.82,76,0,12.37,8.36
F56,F,chow,agouti,0.5593,0.6135,0.0531,0.0589,21.2,21.71,21.73,22.5,22.74,21.02,21.82,22.8,22.69,24.09,24.15,9.7,29.1,28.4,14.8,15.9,101,93,0.39552,0.21424,6.62496,7.01224,0.23072,0.15656,0.93112,0.83224,6.3,7.8,166,51,55.8,74.8,74.4,1.68,1.56,NA,NA,0.80335317,8.7,9,4.977598775,16.1,17.7,16.3,15.7,29.9,28.8,54.5,54.5,15.3,16.1,6.8,7.3,4.8,2.6,20.48,21.51,80.4,85.1,2.8,1.9,11.3,10.1,6,1067,1158,NA,NA,NA,NA,NA,NA,9.36,10.24,13,11.2,3.63,1.61,NA,NA,NA,20.36,20.83,90,107,20.16,22.49,140.76,200,0,8.24,4.46
F57,F,chow,agouti,0.5669,0.5284,0.0572,0.0542,29.21,29.99,30.74,32.33,32.85,32.08,33.3,34.87,36.16,38.27,37.78,10.4,29.4,28.9,15,16,69,100,0.1248,0.2912,7.03872,5.70752,0.09984,0.1664,1.01504,2.10496,7.4,6.7,165,51.1,55.3,51.5,79,1.47,1.54,730,11.5,6.814830736,9.5,9.8,14.19817097,22,26.4,15,15,29.9,29.3,50.2,51.1,15.3,16.2,6.1,7.9,1.5,3.5,23.99,30.99,84.6,68.6,1.2,2,12.2,25.3,5.4,1172,924,0,23.1,29.6,9.8,42.6,37.5,10.16,10.82,12.3,11.7,3.1,2.27,1.63,82.2,29.3,23.65,26.64,104,60,28.98,38.28,94.02,163,0,8.32,10.34
F58,F,chow,agouti,0.478,0.4565,0.0485,0.0519,20.31,20.89,22.09,23.2,24.01,22.87,24.32,24.78,25.1,26.25,27.04,9.4,29.5,28.8,16,16.2,58,65,0.10388,0.36358,6.3812,4.77848,0.13356,0.23002,0.742,2.0034,6.9,5.3,148,54.4,56.2,39.9,47.7,1.53,1.52,815,5.7,1.804300225,8.6,9.2,8.263149141,16.1,18.6,15,15,30.2,28.9,49.7,51.8,16.4,16.3,6.9,6.6,1.4,4.9,20.59,29.02,86,64.4,1.8,3.1,10,27,5,1335,1744,0,20.9,27.7,9.6,39.6,24.9,10.94,10.84,13.5,12.1,2.34,1.46,0.7,73.6,24.8,19.17,22.14,106,139,20.25,26.18,104.01,154,0,7.42,7.17
F59,F,chow,agouti,0.483,0.4866,0.0535,0.0538,26.33,29.6,29.57,32.95,34.11,32.74,36.74,37.57,39.33,40.43,39.57,8.8,27.8,28.9,16.2,16.6,95,113,0.09328,0.19822,9.9693,9.18808,0.22154,0.27984,1.29426,1.88892,14.5,6,162,58.3,57.3,76.7,91.6,1.4,1.45,809,147.4,0,8.9,9.6,2.136937379,19.5,25.1,15.7,15.5,28.7,29.4,54.6,52.6,16.7,16.8,6.6,7.5,0.8,1.7,26.38,36.2,85.5,78.8,1.9,2.4,11.1,16.2,4.9,1269,1153,19.12,18.2,24.8,10,41.8,64.7,10.66,10.89,12,10.8,3.05,2.48,20.71,76.4,26.7,22.55,31.06,131,132,26.51,39.4,73.04,144,0,11.66,10.65
F60,F,chow,agouti,0.6854,0.7537,0.0532,0.0586,22.3,22.77,23.9,23.8,24.6,23.4,23.82,24.64,24.6,24.81,24.02,9.3,28.5,29.3,16.4,16.9,90,89,0.30421,0.12588,9.3361,9.03189,0.14686,0.15735,0.58744,1.05949,5.4,6.9,170,57.8,57.6,66.2,65,1.53,1.53,791,5.9,0.341424748,8.6,9.3,1.052439318,18.1,18.7,15.8,15,29.6,29.7,53.3,50.4,17.1,17.1,6.5,7.8,2.9,1.2,15.1,13.99,89,86.1,1.4,1.5,5.6,10.1,6.6,726,1256,0,19.8,26,9,40.2,33.3,10.84,11.44,13.9,12.4,2.73,2.35,0.69,75.8,26.5,20.53,20.81,76,66,21.27,21.84,54.92,91,0,10.49,12.71
F61,F,chow,agouti,0.4787,0.5033,0.0488,0.0506,23.75,26.03,24.63,26.55,26.22,23.53,25.04,25.84,27.13,29.12,27.84,9.9,29.2,28.5,15.7,15.8,53,63,0.18883,0.23809,6.86356,6.74041,0.23809,0.26272,0.87026,0.87026,4.3,7.6,177,53.8,55.5,38.2,43.2,1.46,1.43,773,43.4,0.740991928,8.8,9.4,3.929969691,20.2,19.8,14.7,14.4,29.8,29.3,49.4,49.1,16.1,16.3,6.8,6.9,2.3,2.9,19.67,25.55,83.6,82.1,2.9,3.2,10.6,10.6,5.8,1090,1142,10,17.9,25.3,11.4,40.2,25.1,10.91,11.32,11.8,11.8,1.8,1.64,6.52,77.9,24.6,20.52,23.15,62,106,25.07,26.64,100.46,148,0,8.21,6.96
F62,F,chow,agouti,0.6081,0.5641,0.0576,0.0582,35.66,36.84,36.67,38.94,39.68,38.79,40.42,40.81,42.49,42.22,42.55,9.7,28.9,28.6,16.1,16.2,85,115,0.15,0.55,10.55,10.2625,0.275,0.2875,1.4125,1.3,6.4,5.8,153,55.7,56.5,67.6,84.1,1.57,1.6,728,27.6,0.931492839,9.3,10,17.57623911,24,25.6,14.5,13.7,29.5,28.6,49.2,47.9,16.4,16.2,6.6,6.7,1.2,4.4,31.07,37.68,84.4,82.1,2.2,2.3,11.3,10.4,5.7,1310,1355,5.33,20.9,28.1,10.2,43.8,25.7,11.31,11.78,13.8,13.6,2.08,2.18,2.38,82.6,30.1,28.92,31.61,134,170,34.8,41.13,146.1,208,0.21,12.5,10.53
F63,F,chow,agouti,0.5076,0.5377,0.0494,0.0544,27.68,26.25,27.2,30.2,29.23,26.8,26.68,30.07,31.89,31.68,31.47,7.9,NA,29.5,NA,17.1,79,81,NA,NA,NA,NA,NA,NA,NA,NA,5.6,5.1,135,NA,57.9,66.2,61.9,NA,1.61,788,5.8,2.16073725,8.9,9.5,7.402437068,19.3,21,NA,15.3,NA,30.1,NA,50.7,NA,17.4,NA,8,NA,4.6,23.8,30.21,NA,84,NA,1.6,NA,9.3,5.9,NA,1423,0,20.3,26.6,9.1,40.8,26.2,NA,11.43,NA,10.7,NA,1.88,0.7,76.1,27,22.27,24.94,90,119,25.29,30.13,156.67,190,0,NA,9.12
F64,F,chow,agouti,0.5206,0.5273,0.0554,0.0567,23.16,22.93,23.63,26.07,27.46,27.19,27.13,25.84,28.18,28.93,28.96,9,28.3,28,16.6,17,64,78,0.20822,0.359,5.85888,5.8876,0.15796,0.23694,0.90468,0.63902,8,4.7,185,58.8,60.6,44.5,52.9,1.44,1.44,832,6.2,0.064068399,8.4,9,3.312581571,17,20.2,13.8,13.8,29.1,28.9,47.6,47.7,17.1,17.5,6.8,7.2,2.9,5,19.73,26.79,81.6,82,2.2,3.3,12.6,8.9,5.1,1383,1408,0,18.8,25.6,9.9,40.6,25.3,12.35,12.7,12.5,11.4,2.72,1.63,0.62,72.1,25.1,19.15,23.37,123,136,21.2,27.63,147.49,141,0,7.18,6.62
F65,F,chow,agouti,0.5084,0.5109,0.0518,0.0528,26.85,28.25,28.22,30.67,30.11,30.91,30.28,30.49,32.45,32.99,32.06,7.6,27.6,27.1,15.6,15.5,84,65,0.0807,0.49496,4.64832,4.04576,0.11836,0.1614,0.50034,0.62408,5.2,5.6,85,56.7,57.3,65.6,45.3,1.56,1.52,769,98.2,2.75366873,9,9.2,14.30223946,19.8,21.9,14.3,14,28.8,28.1,49.7,49.8,16.3,16.1,7.1,6.6,1.5,9.2,25.71,29.51,86.4,75.2,2.2,3,9.3,11.6,4.5,836,820,8.7,19.5,26.6,10.2,43.1,65.1,11.39,11.52,12,11.6,2.4,2.35,25.82,79.9,28.4,23.16,25.81,219,124,26.73,31.09,114.27,124,0,5.38,4.83
F66,F,chow,white,0.6752,0.6815,0.0585,0.0587,23.35,23.84,24.29,24.7,25.28,26.29,25.65,25.44,26.35,28.42,27.13,9.3,28.3,27.9,15.3,16.2,71,73,0.11244,0.4685,8.21749,7.7771,0.13118,0.17803,0.8433,0.88078,7.3,6.2,166,54.2,58.1,58.3,59.4,1.51,1.49,845,5.6,0.744614706,8.6,9.2,3.738335199,17.6,20.3,15.3,14.5,29.6,28.3,51.5,51.1,16,16.4,6.7,7,1.2,5,18.72,20.41,87.7,83,1.4,1.9,9,9.4,5.5,1357,1241,0,16.9,23.3,10.2,39.5,29.7,10.51,11.37,12.3,11.4,2.64,1.4,0.73,71,23.6,20.02,23.22,65,44,21.62,25.53,147.9,172,0,9.37,7.93
F67,F,chow,black,0.4323,0.5218,0.0467,0.0486,20.2,20.53,21.71,22.54,22.92,23.58,23.07,23.39,23.05,23.94,23.79,8.3,28.9,28.7,15.8,17.1,65,80,0.19318,0.24519,6.64985,6.1669,0.11888,0.18575,0.42351,0.78015,6.4,6.6,150,54.6,59.5,46.6,59.3,1.51,1.5,NA,NA,0.612022412,8.7,9.1,3.74056229,15.9,17.5,14.6,14.2,29.8,29.1,49,48.7,16.3,17.3,7,7.4,2.6,3.3,22.64,21.14,89.5,83,1.6,2.5,5.7,10.5,3.7,1173,1441,NA,NA,NA,NA,NA,NA,11.15,12.23,12.8,10.9,2.44,1.66,NA,NA,NA,19.13,21.22,82,119,20.6,22.22,102.94,159,0,7.43,8.52
F68,F,chow,agouti,0.5735,0.6387,0.0532,0.0573,23.83,24.1,23.22,26.84,23.82,24.4,26.04,24.48,24.08,25.91,24.07,6.7,29.6,28.5,16,15.9,71,44,0.24843,0.90454,5.19792,4.58003,0.15925,0.18473,0.71344,0.66885,12.8,7.2,121,53.8,55.9,56.8,31.5,1.57,1.5,782,22.6,0.973998599,8.5,9,4.623247705,17.5,18.3,14,13.6,30,28.4,46.5,47.7,16.2,15.9,6.9,7.3,3.9,14.2,17.51,18.06,81.6,71.9,2.5,2.9,11.2,10.5,3.7,1302,1532,0,17.9,24.2,9.2,40.4,30.3,11.58,11.72,14.1,12,3.14,1.5,1.63,76.8,26.7,18.95,19.61,121,95,21.24,22.29,119.42,154,0,6.37,4.68
F69,F,chow,agouti,0.6833,0.7746,0.0558,0.0614,23.06,24.79,24.24,25.2,25.15,26.34,24.74,25.3,25.35,27.83,25.81,9.4,29,28.9,15.7,17.4,69,72,0.1024,0.384,4.06016,3.67616,0.1792,0.2048,0.75264,0.82432,7,7.2,195,54.2,60.3,53.2,50.3,1.62,1.49,770,42.2,0.216454106,8.8,9.1,0.509145482,18.3,19.8,14.2,13.7,29.7,28.9,47.9,47.5,16.1,17.4,6.4,6.7,2,7.5,17.02,16.15,79.3,71.8,3.5,4,14.7,16.1,5.1,911,806,21.05,21.7,28.3,9.7,43.9,20.2,11.32,12.68,14.4,12.6,3.53,1.87,6.46,78.2,29.6,21.26,21.92,117,123,22.12,23.59,100.31,168,0,5.12,5.99
F70,F,chow,agouti,0.76,0.7643,0.058,0.0608,23.81,23.68,25.17,25.2,27.78,28.76,27.74,28.3,28.56,32.93,32,6.8,29,NA,16.7,NA,65,48,0.25636,NA,8.46974,NA,0.23664,NA,0.81838,NA,8.1,5.4,113,57.7,NA,46.6,37,1.59,NA,NA,NA,1.239227402,9,9.7,3.008715701,18.3,24.3,13.7,NA,29.2,NA,46.8,NA,16.9,NA,6.4,NA,2.6,NA,16.9,19.44,85.9,NA,2.4,NA,8.3,NA,3.3,1878,NA,NA,NA,NA,NA,NA,NA,12.33,NA,12.8,NA,2.61,NA,NA,NA,NA,20.76,24.65,119,87,21.98,30.21,40.96,40,0,9.86,NA
F71,F,chow,black,0.617,0.6197,0.054,0.0557,21.54,21.86,22.03,22.92,23.3,23.88,23.81,23.64,24.57,25,24.76,9.3,30.8,30.2,16.4,16.6,110,97,0.3462,0.58854,9.95902,9.60128,0.18464,0.16156,0.93474,1.11938,6.7,7,185,53.4,55.1,80.7,74.3,1.91,1.86,780,7.7,1.063082266,8.6,9.1,1.572381708,16.1,18.7,15.8,15.2,30.7,30.5,51.4,50,16.4,16.8,6.9,7.2,3,5.1,18.83,18.9,86.3,83.2,1.6,1.4,8.1,9.7,5.6,1180,1239,0,19.4,25.6,9.4,42.7,26.3,10.38,11.02,13.6,13.2,2.62,2.36,0.84,76.9,28.5,19.68,21.46,198,149,19.77,23.04,105,133,0,11.54,7.78
F72,F,chow,agouti,0.6366,0.6681,0.0651,0.0661,26.57,27.25,28.01,28.41,29.06,28.24,28.87,29.13,31.81,30.69,29.96,9.1,29.7,29.2,16.3,16.6,91,96,0.21952,0.32144,6.5464,5.97408,0.17248,0.21952,0.84672,1.2544,9.6,6.8,155,55,56.8,69.9,66.9,1.57,1.45,793,88.4,2.393084047,9,9.4,5.22632319,19.3,19.9,16,15.5,30.1,29.5,53.3,52.7,16.6,16.8,7.5,7.9,2.8,4.1,28.6,30.12,83.5,76.2,2.2,2.8,10.8,16,5.2,1220,1435,20.41,18.4,24.6,9.1,43,51.5,10.33,10.79,13.2,11.1,3.39,1.72,12.17,76.6,28.9,23.57,24.22,192,229,27.05,28.39,NA,NA,NA,7.84,7.66
F73,F,chow,agouti,0.6258,NA,0.0558,NA,23.88,21.55,22.83,21.96,24.93,25.22,NA,NA,NA,NA,NA,NA,29.1,NA,15.8,NA,86,NA,0.08216,NA,5.38464,NA,0.13272,NA,0.66992,NA,5.7,NA,NA,54.5,NA,64.4,NA,1.63,NA,772,24.7,NA,8.5,NA,NA,16.1,NA,15,NA,30,NA,49.9,NA,16.3,NA,6,NA,1.3,NA,18.74,NA,85.2,NA,2.1,NA,10.6,NA,NA,1247,NA,0,20.9,27.6,9.7,45.4,25.7,10.92,NA,13.1,NA,2.81,NA,1.09,77.8,30.8,18.85,NA,202,NA,19.77,NA,NA,NA,NA,6.32,NA
F74,F,chow,agouti,0.615,NA,0.053,NA,23.9,24.12,25.02,24.46,19.22,18.37,17.73,NA,NA,NA,NA,NA,29.6,NA,16.3,NA,56,NA,0.1785,NA,9.1035,NA,0.1365,NA,1.0185,NA,7.4,NA,NA,55.2,NA,46.2,NA,1.79,NA,712,16.4,0.229894202,8.7,NA,0.093731753,18,NA,13.7,NA,29.9,NA,45.7,NA,16.5,NA,6.4,NA,1.7,NA,18.76,NA,86.7,NA,1.3,NA,9.7,NA,NA,1229,NA,2.63,20.4,27.8,10.7,44.8,29.7,12.08,NA,13.3,NA,2.67,NA,2.78,84.4,31,21.26,NA,106,NA,22.2,NA,NA,NA,NA,10.5,NA
F75,F,chow,agouti,0.5368,0.5599,0.0541,0.0542,22.29,23.07,23.63,24.13,23.6,22.57,23.42,25.96,26.18,26.81,26.29,9.3,28.9,29.4,16.6,16.9,81,102,0.20445,0.5452,12.36241,11.5855,0.12267,0.1363,0.77691,1.25396,17.2,3.9,186,57.3,57.5,63.7,72.2,1.71,1.88,657,90.2,0.77550481,8.9,9.2,2.807641889,16.9,19.1,16.1,14.8,29.7,29.4,54.3,50.5,17,16.9,6.9,7.3,1.5,4,19.52,24.14,90.7,85,0.9,1,5.7,9.2,5,1447,1775,78.57,18.6,25.7,11.1,45.3,43.6,10.55,11.38,13.5,13.1,3.21,3.04,12.54,93.2,33,18.66,22.29,153,301,20.99,25.18,73.03,129,0,13.63,7.59
M01,M,hf,agouti,0.4959,0.5375,0.0497,0.0547,27.24,27.81,27.08,28,29.87,31.66,32.64,32.62,33.67,34.8,31.77,9.8,24.4,NA,13,NA,135,173,0.11556,NA,4.8471,NA,0.21186,NA,1.17486,NA,30,15.6,162,53.3,NA,92.7,137.5,2.29,NA,NA,NA,1.623187996,9.1,9.5,11.64585165,19.9,22.2,11.4,NA,25.3,NA,45.1,NA,13.5,NA,6.3,NA,1.8,NA,21.2,30.71,75.5,NA,3.3,NA,18.3,NA,5.5,1764,NA,NA,NA,NA,NA,NA,NA,11.82,NA,20.9,NA,9.96,NA,NA,NA,NA,22.51,25.94,93,148,25.29,32.01,101.03,91,0.49,6.42,NA
M02,M,hf,agouti,0.4894,0.4972,0.0542,0.058,28.43,29.45,30.15,31.26,33.8,34.46,36.29,37.36,37.95,38.08,35.25,9.6,28.7,29.2,16,17.1,156,168,0.18378,0.17357,9.24005,8.7806,0.17357,0.21441,0.52071,0.92911,10.4,14,225,55.8,58.7,112.5,142.7,1.79,1.82,774,57.1,7.066168791,8.8,9.1,33.32892959,21,23.4,16,15.5,30.2,29.7,52.9,52.3,16.8,17.4,7.2,6.2,1.8,1.7,26.7,35.62,90.5,86,1.7,2.1,5.1,9.1,6.3,1099,1094,2.13,23.5,29.2,8.6,43.5,31.3,10.55,11.22,12.6,11.7,2.01,1.96,11.23,78.3,30.3,23.57,27.86,173,202,28.64,36.31,22.86,22,0.18,10.21,6.88
M03,M,hf,agouti,0.5415,0.5944,0.0598,0.0627,34.3,35.11,36.66,38.46,38.93,40.09,41.48,41.51,41.67,41.83,42.55,8.7,28,28,16.3,16.8,140,142,0.138,0.368,8.1512,7.222,0.2668,0.2484,0.5428,1.288,18.9,24.6,309,58.2,59.8,111.3,117.3,1.5,1.54,829,5.4,NA,9.1,10,36.13260089,20.5,25.4,15.6,14.5,29.7,28.5,52.6,51,17.3,17,7.6,6.7,1.5,4,40.36,36.51,88.6,78.5,2.9,2.7,5.9,14,6.1,1204,1243,0,22.4,29.4,11.4,46.7,25.2,11.08,11.73,12.8,12.5,2.58,2.98,0.77,72.4,28.8,24.93,29.41,134,162,34.43,40.03,53.4,NA,0.64,9.2,8.74
M04,M,hf,black,0.5459,0.5331,0.0572,0.057,30,31.25,31.21,32.86,33.75,33.83,35.96,35.77,35.96,35.94,34.95,9.6,28.2,29.1,15.3,16.5,115,112,0.2511,0.2511,12.87585,12.9177,0.20925,0.1953,0.4743,0.37665,7.3,11.8,316,54.2,56.8,NA,86.1,1.57,1.63,770,9.1,3.850186325,9.2,9.4,9.982783148,23,24,14.9,14.8,29.6,29.8,50.2,49.7,16,16.9,6.6,6.8,1.8,1.8,25.17,28.49,92.3,92.6,1.5,1.4,3.4,2.7,5.8,1596,1562,0,21.4,28.3,10,44.1,26,10.8,11.42,13.6,13.3,2.96,3.17,0.92,77.9,29.4,24.78,26.93,61,78,30.66,33.55,55.2,67,0.52,13.95,19.42
M05,M,hf,agouti,0.4995,0.4816,0.0569,0.0568,37.19,38.26,38.15,39.62,41.09,42.24,43.8,44.58,45.5,44.25,45.37,8.8,26.8,28.7,15.6,16.3,189,165,0.4392,0.0915,4.7336,3.6234,0.1647,0.0915,0.7198,2.2387,15.2,14.3,187,58.4,56.9,137.8,135.9,1.82,1.85,873,17.8,3.170010518,9,9.6,27.82819707,25.1,27.1,15.4,14.3,28.7,29,53.6,49.3,16.7,16.5,6.2,6.9,7.2,1.5,34.23,38.38,77.6,59.4,2.7,1.5,11.8,36.7,5.4,1059,1177,0,21.1,27.5,9.3,39.8,27.4,10.89,11.54,14.3,12.4,1.75,3.81,0.82,68.7,24.2,27.68,29.59,110,116,38.21,44,NA,NA,NA,6.1,7.96
M06,M,hf,agouti,0.6542,0.6201,0.0577,0.0568,29.53,29.06,30.76,31.83,29.74,28.86,32.36,34.14,31.5,32.9,30.8,10.7,28.5,28.3,16.4,17,93,126,0.2456,0.19034,5.10848,5.3111,0.07982,0.10438,0.6754,0.46664,8.2,10,169,57.4,60,72.7,97.3,1.58,1.48,763,3.9,1.719017567,9,9.4,6.221019133,23.1,23.9,15.2,15,29.9,29.3,50.8,51.3,17.2,17.6,6.9,6.6,4,3.1,19.12,22.31,83.2,86.5,1.3,1.7,11,7.6,5.9,1271,1249,0,19.7,26.7,10.6,44.9,24.5,11.29,11.69,13.4,11.7,2.45,2.01,0.67,78.6,29.7,23.46,24.36,105,133,28.52,30.71,70.39,61,0.15,6.14,5.15
M07,M,hf,agouti,0.5468,0.5943,0.0592,0.0606,41.42,42.8,44.92,45.91,46.72,47.43,49.99,49.54,49.21,48.04,48.51,11.2,28.2,28.5,17,17.7,145,132,0.10833,0.16485,4.05531,3.74916,0.14601,0.19311,0.3768,0.58875,4.1,17.2,451,60.4,62.2,112.6,115.6,1.52,1.51,816,148.5,36.5903255,9.4,9.5,40.65978789,28.1,28.6,15,14.7,29.3,28.6,51,51.3,17.7,17.8,6.5,6.3,2.3,3.5,34.63,35.28,86.1,79.6,3.1,4.1,8,12.5,7.6,1535,1448,26.67,17.6,23.4,9.5,47.4,58.5,11.84,12.13,11.7,12.2,1.37,1.79,27.36,76.7,31.7,30.84,31.91,220,227,42.91,44.2,44.7,261,1.07,4.71,3.94
M08,M,hf,black,0.6398,0.6624,0.0596,0.06,31.7,32.34,33.53,34.54,35.41,36.8,41.09,41.87,42.8,42.28,46.43,10.5,27.5,28,15.1,15.7,160,183,0.25452,0.14948,3.32088,3.19968,0.10504,0.15756,0.34744,0.505,8,10,142,55,56.1,122.6,137.1,1.61,1.52,880,159.5,4.123744357,8.9,9.7,16.86092244,25,28.9,15.4,15.5,28.9,29,53.3,53.4,15.9,16.3,7.2,5.7,6.3,3.7,18.05,25.63,82.2,79.2,2.6,3.9,8.6,12.5,6.6,962,1067,10,17.9,24.9,10.7,50.4,23.3,10.31,10.5,14.3,12.7,1.86,2.12,9.25,69.6,31.5,23.7,28.1,196,349,30.47,38.82,62.51,81,2.12,4.04,3.85
M09,M,hf,agouti,NA,NA,NA,NA,NA,NA,NA,NA,NA,NA,NA,NA,NA,NA,NA,NA,NA,NA,NA,NA,87,NA,NA,NA,NA,NA,NA,NA,NA,NA,14.5,NA,NA,NA,NA,64.7,NA,NA,NA,NA,NA,NA,NA,NA,NA,NA,NA,NA,NA,NA,NA,NA,NA,NA,NA,NA,NA,NA,NA,NA,NA,NA,NA,NA,NA,NA,NA,NA,NA,NA,NA,NA,NA,NA,NA,NA,NA,NA,NA,NA,NA,NA,NA,NA,NA,NA,NA,74,NA,NA,NA,NA,NA,NA,NA,NA
M11,M,hf,agouti,0.5787,0.6106,0.061,0.0642,34.18,35.48,35.29,36.77,37.4,36.68,39.74,40.07,40.6,40.45,41.47,8.6,28.4,28.6,16.6,16.8,122,97,0.7371,0.4368,6.8432,7.0434,0.1365,0.2275,1.3104,1.2376,11.4,19.5,156,58.5,58.6,92.8,70.3,1.81,1.63,NA,NA,1.033429356,9,9.7,25.83393427,23.4,25.8,15.6,15.8,29.3,29.4,53.3,53.8,17.1,17.2,7.4,8.3,8.1,4.8,30.83,33.49,75.2,77.4,1.5,2.5,14.4,13.6,4.3,969,1252,NA,NA,NA,NA,NA,NA,10.98,10.9,12.9,12.7,2.66,3.11,NA,NA,NA,26.67,28.67,152,150,33.77,38.78,73.36,97,1.7,9.1,7.18
M12,M,hf,agouti,0.5336,0.5121,0.0545,0.0583,32.66,33.05,32.84,36.73,38.38,39.58,38.7,38.93,40.98,40.66,39.9,10.9,28.6,NA,15.2,NA,154,164,0.13545,NA,2.27745,NA,0.1323,NA,0.59535,NA,17.9,18.7,187,53.3,NA,116.8,134.6,1.65,NA,743,17,3.420789411,9,9.6,23.60985625,24,25.2,16.9,NA,29.8,NA,56.8,NA,15.9,NA,6.6,NA,4.3,NA,26.37,32.2,72.3,NA,4.2,NA,18.9,NA,5.3,1259,NA,1.12,20.5,27.9,11.6,44.8,24.6,9.37,NA,13.5,NA,2.65,NA,1.36,80.8,29.2,24.83,27.03,161,122,32.59,37.18,74.49,101,1.05,3.15,NA
M13,M,hf,agouti,0.6277,0.6888,0.0638,0.0659,36.43,37.06,37.03,39.56,40.89,42.19,43.82,43.73,46.33,47.25,48.26,9.6,28.9,29.2,15,16.1,122,151,0.1035,0.1794,6.2859,5.9892,0.0966,0.1794,0.345,0.4485,11.5,9.4,224,51.9,55.2,97.1,126.8,1.68,1.59,846,7.3,4.367003633,9.5,10,35.94192216,24.3,30.4,15.2,15.4,29.7,29.8,51.1,51.6,15.4,16.5,6.8,6.8,1.5,2.6,28.81,32.72,91.1,86.8,1.4,2.6,5,6.5,7.1,1452,1800,0,20.4,27,10.1,48,13.9,10.17,10.69,14,12.4,3.67,2.36,0.98,70.9,30.8,26.42,31.77,84,123,34.05,45.14,NA,91,0.22,6.9,6.47
M14,M,hf,agouti,0.5529,0.6698,0.0563,0.0577,29.32,29.71,29.16,31.31,32.72,35.21,34.91,34.32,36.1,35.99,39.95,10.8,28.7,27.3,16.5,15.9,134,203,0.37152,0.47472,4.3344,3.5604,0.1032,0.22188,0.31992,0.8772,13.7,34.3,176,57.7,58.4,101.5,152.5,1.97,1.79,NA,NA,2.724652554,8.8,9.6,8.111191866,22.2,25.6,13.8,14.3,29.9,28.4,46.1,50.6,17.2,16.6,6.9,8.7,7.2,9.2,20.67,25.87,84,69,2,4.3,6.2,17,6.4,1126,800,NA,NA,NA,NA,NA,NA,12.51,11.55,14.6,16.7,2.17,3.37,NA,NA,NA,22.9,26.86,75,224,28,34.49,61.11,67,1.04,5.16,5.15
M15,M,hf,agouti,0.5872,0.6465,0.0569,0.064,34.77,34.4,34.38,34.45,35,36.39,40.79,42.43,42.95,43.34,43.69,11.2,28.1,29.7,16.1,16.9,117,165,0.34317,0.4185,6.696,5.64138,0.15903,0.37665,1.0881,1.86651,9.7,31.6,329,57.3,56.9,98.8,145,1.64,1.61,801,8,31.96589247,9.5,9.9,21.53441339,25,31,15.5,17.1,29.4,30.1,52.8,56.9,16.9,17.1,6.9,6,4.1,5,24.08,25.41,80,67.4,1.9,4.5,13,22.3,3.8,1079,979,0,14.3,21.1,12.2,44.3,23.9,10.85,10,13.3,12.1,2.32,2.13,0.94,74.9,26.6,26.27,30.24,103,84,32.93,41.45,NA,9,0.49,8.37,2.23
M16,M,hf,white,0.5352,0.5508,0.058,0.0577,38.42,39.42,40.83,40.39,42.96,43.88,45.72,47.43,48.61,49.62,50.62,5.7,28.7,28.2,16.4,16.2,99,48,0.6903,0.28143,3.5577,4.04091,0.13275,0.11151,0.89739,0.86022,8.8,19.3,195,57,57.5,70.8,35.3,1.56,1.55,773,4.5,20.15944172,9.6,10.1,17.70587256,26.1,32.1,14.2,14.1,29.7,28.9,47.9,48.6,16.9,16.6,6.3,5.7,13,5.3,32.93,32.75,67,76.1,2.5,2.1,16.9,16.2,3.4,1191,1015,0,22.2,29.3,10.4,47.3,24.6,11.88,11.82,12,12.8,2.29,2.54,0.71,77.6,31.7,28.06,33.09,125,31,38.87,47.72,54.27,NA,1.5,5.31,4.38
M17,M,hf,agouti,0.5451,0.593,0.0584,0.0557,32.67,36.32,38,39.89,40.2,41.13,42.84,44.18,45.56,47.09,NA,12.2,28.7,NA,15.2,NA,114,142,0.3636,NA,6.88416,NA,0.1212,NA,0.6464,NA,8.1,9,219,52.7,NA,90.5,122.1,1.63,NA,801,4,1.077121461,9.3,10.1,3.697497687,25.1,31,14.6,NA,30.1,NA,48.4,NA,15.8,NA,6.8,NA,4.5,NA,29.32,29.62,85.2,NA,1.5,NA,8,NA,7.5,1264,NA,0,23.6,30.3,10.3,45.4,28.5,10.88,NA,12.5,NA,2.07,NA,0.62,74.9,29.5,26.5,32.01,96,119,35.51,43.99,NA,NA,NA,8.08,NA
M18,M,hf,agouti,0.6331,0.685,0.0664,0.0681,39.98,41.48,41.49,39.49,41.59,42.45,43.69,45.58,46.84,48.43,47.64,10.4,28.4,28.8,17.2,16.6,102,113,0.3007,0.0388,8.4487,8.2547,0.194,0.2425,0.6596,1.0476,8.2,9.2,202,60.6,57.8,80.9,82.2,1.53,1.53,827,5.5,37.60922692,9.2,9.8,17.75632808,27.2,30.8,15.3,15.4,29.5,29.4,51.9,52.4,17.9,17,7.1,6.7,3.1,0.4,33.84,34.44,87.1,85.1,2,2.5,6.8,10.8,7.9,1553,1925,0,22.3,29.3,10.1,42.4,25.4,11.68,11.03,11.9,11.3,2.79,2.83,0.45,72.5,26.5,29.1,33.14,209,288,41.09,46.96,33.97,40,0.8,9.7,8.91
M19,M,hf,agouti,0.6205,0.5958,0.0613,0.0635,44.27,46.27,46.53,48.23,49.53,50.45,51.64,53.16,53.89,56.55,54.76,10.3,29.3,29.8,16.1,16.4,120,93,0.44043,0.35733,6.44856,5.58432,0.22437,0.39057,1.10523,1.88637,14,26.9,214,55,55.1,100.4,79.8,1.54,1.65,833,100.9,NA,9.5,10.3,13.86177729,26.5,32,15.4,14.9,30.6,29.9,50.3,49.8,16.8,16.5,7,6.8,5.3,4.3,40.89,37.84,77.6,67.2,2.7,4.7,13.3,22.7,6.8,934,887,5.77,21.3,28.3,13.1,46.7,60.2,10.92,11.07,11.7,12.1,2.48,2.78,21.68,73.9,27,32.61,36.88,83,84,44.81,51.5,80.95,165,1.15,8.31,6.86
M20,M,hf,agouti,0.5541,0.5192,0.0574,0.0524,36.66,37.48,36.13,36.9,37.55,38.97,40.81,39.94,41.89,44.46,43.59,10.6,29.2,28.5,16.6,15.4,153,122,0.5775,0.3234,9.6558,8.0388,0.24255,0.26565,0.98175,2.80665,9.2,9.2,233,57.1,54,131.3,106.2,1.73,1.64,806,5.2,2.855752588,9.2,9.6,28.28085373,20.3,23.7,13.8,13.1,30.8,28.7,44.9,45.5,17.6,15.5,6.1,6.5,5,2.8,43.8,43.34,83.6,69.6,2.1,2.3,8.5,24.3,6,1116,1169,0,18.8,26.1,11.2,46.7,23.3,12.7,11.88,12.4,13,2.57,4.2,0.65,74.5,29.6,28.74,32.06,98,123,36.24,41.83,121.86,182,0.52,11.55,10.74
M21,M,hf,agouti,0.5627,0.6417,0.0612,0.0623,34.69,36.34,37.62,40.94,42.1,42.22,44.34,45.83,45.46,44.81,45.88,10.4,28.3,29.6,16.6,17,152,171,0.1886,0.246,7.3144,7.2652,0.2296,0.2624,0.4018,0.369,12.4,16.6,181,58.6,57.6,123.2,149.4,1.48,1.67,811,5.6,5.984581612,9.6,9.5,18.37260574,24.8,26.3,14.3,14.3,29.8,29.9,48,47.8,17.5,17.2,7.2,7.3,2.3,3,30.28,36.8,89.2,88.6,2.8,3.2,4.9,4.5,7.1,1963,1967,0,24.7,29.9,9.1,44.9,18.2,12.2,12.03,12.2,13.1,1.52,2.93,0.53,74,30,27.65,31.06,54,119,35.57,41.56,48.09,144,0.65,8.2,7.67
M22,M,hf,agouti,0.4502,0.5072,0.048,0.0529,28.09,26.7,28.22,30.8,31.21,31.95,33.69,32.84,33.7,32.62,32.01,8.6,28.2,27.7,15.1,14.3,156,150,0.40592,0.96288,7.552,6.92896,0.17936,0.19824,1.23664,1.28384,28,9.6,171,53.7,51.5,121.3,112,1.61,1.54,861,5.2,5.039342827,8.5,8.8,7.012038056,19.7,22.9,14.7,13.9,29.3,28,50.1,49.6,15.8,14.4,7.2,6.1,4.3,10.2,24.37,27.43,80,73.4,1.9,2.1,13.1,13.6,4.9,1550,1746,0,20.8,27.5,10.2,46.3,25.6,10.72,10.39,11.9,12.2,3.34,4.03,0.47,69.7,29,22.07,23.91,108,257,26,31.55,107.09,97,0.42,9.44,6.25
M23,M,hf,agouti,0.4816,0.6419,0.0599,0.0589,35.48,36.77,38.05,40.05,41.02,42.36,44.79,45.99,45.99,46.56,48.31,8.5,27.7,27.6,16.3,15.8,127,142,0.51732,0.21076,7.78854,7.67358,0.16286,0.21076,1.01548,1.36036,10.5,15.2,244,58.8,57.3,103.7,108.4,1.47,1.42,799,157.4,1.509954814,9.1,9.4,38.80199258,20.7,22.7,15.5,15.3,29.4,28.7,52.7,53.5,17.3,16.4,7.1,7.2,5.4,2.2,40.86,49.56,81.3,80.1,1.7,2.2,10.6,14.2,4,983,1181,16.67,17.4,24.4,10.1,47.2,45.1,11.15,10.71,11.2,11.6,2.25,3,22.47,78.3,31.1,28.01,33.83,104,107,35.12,45.12,NA,NA,NA,9.58,7.67
M24,M,hf,agouti,0.6281,0.639,0.0608,0.0624,40.64,41.83,43.24,44.67,44.97,45.96,50.49,49.51,46.89,46.15,47.14,8.8,26.9,29.3,17.2,15.8,145,165,0.6308,0.2052,6.0496,5.2592,0.2736,0.19,0.5624,1.8392,8.1,36,166,63.8,53.9,95.5,118.5,1.63,1.79,891,123.3,11.45233023,9.6,10.4,12.2981507,29.3,31.6,14.4,15,28.9,29.8,49.8,50.2,18.5,16.1,6.9,7.4,8.3,2.7,26.75,27.62,79.6,69.2,3.6,2.5,7.4,24.2,7.9,699,1203,4,20.6,26.9,9.4,43.3,35.8,12.81,10.75,12.3,13.4,2.82,3.31,8.27,68.1,26.6,29.65,31.48,123,96,40.03,43.65,60.43,204,1.38,7.6,7.4
M25,M,hf,agouti,0.4752,0.5233,0.0581,0.0572,36.95,37.89,38.57,39.51,39.47,40.21,42.98,43.72,42.44,43.23,40.21,NA,27.6,28.4,15.2,15.3,101,NA,0.22248,0.31518,7.56432,6.41484,0.21321,0.16686,1.17729,2.28042,18.8,NA,NA,55.3,53.9,84.7,NA,1.51,1.52,842,4.3,32.59364808,9,9.5,17.60349631,23.5,27.4,14.5,13.9,29.1,28.6,49.7,48.5,16.1,15.5,6.8,6.1,2.4,3.4,35.5,32.47,81.6,69.2,2.3,1.8,12.7,24.6,NA,1162,1233,0,21.2,27.9,10.2,42.5,24.4,11.11,11.13,14.8,13.8,2.13,2.04,0.52,71.3,26.2,27,31.15,131,NA,36.49,40.56,NA,NA,NA,9.27,7.64
M26,M,chow,agouti,0.841,0.806,0.0606,0.0629,43.85,45.23,45.4,47.9,49.7,48.71,50.37,48.48,46.96,50.8,53.36,9.3,28.8,27,15.4,14.1,NA,130,0.16512,0.59168,5.31136,4.01104,0.2064,0.18576,1.14896,2.0296,NA,6.3,188,53.4,52.4,NA,93.7,1.48,1.53,785,4.8,3.772748909,10,10.1,9.396567322,33.1,38.1,15.4,15.5,29.8,28.1,51.4,55.2,15.9,14.7,6.5,7.1,2.4,8.6,22.38,24.82,77.2,58.3,3,2.7,16.7,29.5,7.7,1370,1453,0,23.6,30.7,10.4,42.9,28.9,10.37,9.49,12.6,12.8,2.08,3.45,0.78,76.4,27.7,31.55,34.86,NA,302,42.73,50.66,78.17,222,0.06,6.88,5.25
M27,M,chow,agouti,0.6052,0.6088,0.0594,0.0562,23.98,23.73,24.14,25.91,28.21,27.7,28.79,31.15,31.13,30.54,33.35,9.9,28.8,27.5,15.6,14.7,NA,114,0.0895,0.18795,6.7841,4.75245,0.33115,0.29535,1.69155,3.6874,NA,10.6,193,54,53.4,NA,79.8,1.43,1.56,759,16.8,1.022971074,9.1,9,2.612849535,18.4,24.4,15.3,15.8,29.8,28.8,51.4,55,16.1,15.4,6.8,6.9,1,2.1,18.76,22.3,75.8,53.1,3.7,3.3,18.9,41.2,7.2,1566,1322,0,20.3,27.9,11.2,50.4,15.2,10.51,9.72,12.7,13.5,2.08,3.63,0.76,79.1,34.2,19.82,26.05,NA,279,22.64,31.43,29.74,49,0,8.95,5.33
M28,M,chow,agouti,0.5911,0.6517,0.057,0.0536,33.88,34.03,34.13,35.51,36.95,36.78,37.7,37.06,37.23,38.93,39.19,8.2,28.5,26.4,14.9,13.9,NA,76,0.88192,0.92326,10.59682,10.62438,0.3445,0.2067,1.77762,1.9292,NA,4.5,139,52.3,52.8,NA,58,1.45,1.51,NA,NA,2.420762214,9.3,9.3,4.960161744,24.4,28.8,14.2,14.2,30,27.9,47.3,51.1,15.7,14.7,6.8,5.8,6.4,6.7,24.74,22.83,76.9,77.1,2.5,1.5,12.9,14,5.2,1150,941,NA,NA,NA,NA,NA,NA,11.06,10.32,14.5,13.9,0.65,2.37,NA,NA,NA,24.01,28.97,NA,107,32.4,37.26,76.41,74,0,13.78,9.7
M29,M,chow,agouti,0.5238,0.5688,0.053,0.0499,24.69,24.98,24.66,25.8,26.2,25.39,26.62,27.59,27.01,28.14,28.63,9.6,29.3,28.1,15,14.7,NA,110,0.2329,0.4521,11.3162,10.5353,0.3014,0.5069,1.6851,2.1098,NA,6.3,205,51.2,52.3,NA,80.4,1.4,1.51,743,42,1.048216719,8.4,8.6,1.255282646,19.1,21.3,14.8,14.1,30.4,28.2,48.5,50.1,15.6,14.8,7.2,7.3,1.7,3.3,18.03,18.79,82.6,76.9,2.2,3.7,12.3,15.4,6,1687,1400,23.17,21.1,28.7,10.7,48.7,28,10.55,10.44,12.6,12,1.64,3.89,1.78,81,33.7,19.27,23.5,NA,176,23.29,26.22,25.95,18,0.2,13.7,3.96
M30,M,chow,agouti,0.6582,0.6916,0.0589,0.0527,27.35,28.56,30.37,31.76,35.11,33.74,35.3,35.68,36.13,38.1,39,9.9,29.7,27.2,16.7,14.9,NA,99,0.40896,0.46576,6.3048,4.19184,0.40896,0.20448,4.15776,6.40704,NA,9.4,178,56.3,54.7,NA,64.8,1.45,1.56,848,5.4,4.196535071,8.9,9.6,4.152642048,22.3,30,15.1,14.7,30.6,28,49.5,52.7,17.2,15.3,7.5,6.7,3.6,4.1,18.03,18.08,55.5,36.9,3.6,1.8,36.6,56.4,6,1166,1235,0,20.1,26.6,9.5,43.6,30.5,11.38,10.37,11.9,14.4,1.61,3.04,0.58,70.8,27.7,22.14,29.22,NA,180,27.17,36.56,39.53,52,0,11.36,6.58
M31,M,chow,black,0.6041,0.7499,0.0557,0.0564,27.81,29.32,27.73,27.96,29.75,29.67,30.83,31.64,31.08,31.51,32.24,9.2,29.5,26.3,16.6,14.5,NA,87,0.13626,0.31037,5.54124,5.49582,0.21953,0.25738,1.60484,1.45344,NA,10.7,242,56.4,55.2,NA,70.6,1.48,1.62,NA,NA,1.274218377,8.9,9,1.723467655,22.4,24.2,15,14.6,30.8,27.5,48.8,53,17.4,15.2,7.4,7.7,1.8,4.1,17.08,15.45,73.2,72.6,2.9,3.4,21.2,19.2,5.7,1479,1306,NA,NA,NA,NA,NA,NA,11.55,10.42,13.4,15,2.01,3.56,NA,NA,NA,22.75,25.19,NA,89,27.01,28.64,47.92,39,0,7.57,2.58
M32,M,chow,agouti,0.6852,0.7164,0.0546,0.0565,37.36,39.16,39.72,40.88,43.25,44.17,44.74,45.71,44.92,46,43.25,7.6,29.5,27,16.8,9.5,NA,75,0.0783,1.6443,7.5081,3.306,0.2349,0.4524,0.8004,3.1929,NA,12.3,171,57,35.1,NA,50.7,1.59,2.1,NA,NA,11.98052248,9.5,9.5,20.23590074,28.6,31.8,16.2,15.9,30.4,27.8,53.3,57.4,17.3,9.7,6.9,6.4,0.9,18.9,22.19,24.99,86.3,38,2.7,5.2,9.2,36.7,5.6,1456,470,NA,NA,NA,NA,NA,NA,10.69,6.11,12.8,16.9,2.97,10.47,NA,NA,NA,27.92,31.76,NA,207,36.66,42.37,78.83,136,0,8.7,4.78
M33,M,chow,agouti,0.7117,0.8118,0.0567,0.057,31.83,32.04,31.32,33.55,35.11,34.46,34.01,35.19,34.12,35.5,33.84,9.3,28.5,28.4,16.1,15.5,NA,109,0.3021,0.1767,3.7791,3.42,0.1083,0.1425,1.4535,1.9152,NA,14.4,135,56.4,54.5,NA,81.9,1.59,1.72,NA,NA,1.64267281,9.5,9.5,3.163006706,24,26.7,15.9,14.9,30.1,27.7,52.6,53.8,17,15.1,6.5,7.4,5.3,3.1,16.99,16.73,66.3,60,1.9,2.5,25.5,33.6,6.4,1350,1583,NA,NA,NA,NA,NA,NA,10.72,10.14,14,14.4,3.6,3.86,NA,NA,NA,24.23,27.12,NA,161,28.89,31.99,35.37,45,0.07,5.7,4.53
M34,M,chow,agouti,0.7036,0.8883,0.0603,0.0582,31.47,32.09,32.28,32.72,34.52,35.15,34.66,34.64,34.87,36.36,33.86,9.3,29.3,26.4,16.4,11.8,NA,111,0.48816,0.84976,13.93968,10.16096,0.37968,0.34352,3.01936,6.56304,NA,13.8,184,56,44.6,NA,83.8,1.52,1.73,NA,NA,0.922766045,9.2,9.5,3.402514249,24.6,27.4,14,18.2,30.2,29.3,46.3,62.2,16.9,13.1,7.8,6.1,2.7,4.7,16.66,14.33,77.1,56.2,2.1,1.9,16.7,36.3,5.4,1539,437,NA,NA,NA,NA,NA,NA,12.09,7.17,13,17.5,2.3,5.88,NA,NA,NA,22.44,26.75,NA,141,29.48,31.97,72.25,87,0,18.08,4.03
M35,M,chow,agouti,0.6324,0.789,0.0578,0.0531,23.26,24.16,24.3,24.95,26.87,27.43,26.87,28.13,28.69,29.47,27.85,10.5,30.9,29.2,15,14.6,NA,127,0.05344,0.44756,4.09484,4.42216,0.27388,0.19372,2.22444,1.58984,NA,8.3,191,48.5,50,NA,86.8,1.74,1.65,799,7.4,0.429611745,8.6,8.8,0.974149061,17.7,22.3,14.5,14.3,31.4,28.3,46,50.6,15.2,14.2,6.6,6.5,0.8,6.7,17.85,14.2,61.3,66.2,4.1,2.9,33.3,23.8,7.2,1839,2219,0,23.6,30.4,10.1,49.6,15.7,10.54,9.89,14.7,15.3,4.03,3.46,0.7,75.1,33.4,19.39,23.81,NA,249,21.55,26,38.87,41,0,6.68,2.95
M36,M,chow,white,0.6404,0.5398,0.0579,0.0457,25.64,27.38,29.45,32.22,33.86,32.82,34.8,35.94,34.77,37.81,39.55,8,29.1,27.8,16.1,16.4,NA,96,0.2448,0.1224,4.35132,4.47984,0.153,0.10404,1.33416,1.377,NA,8.6,125,55.2,58.9,NA,78.7,1.57,1.55,787,24.6,1.821714045,8.9,9.2,3.800908965,20.4,26.5,15.3,15.1,30.4,28.5,50.3,52.9,16.8,16.8,8,8,4,2,22.25,31.8,71.1,73.2,2.5,1.7,21.8,22.5,6.4,1343,1136,7.14,18.7,25.4,9.8,45.7,24.1,10.97,11.12,13,12.2,3.17,2.94,3.98,76.3,30.6,22.97,30.78,NA,68,26.26,38.81,51.07,84,0.08,6.12,6.44
M37,M,chow,white,0.6978,0.6538,0.0571,0.0555,28.66,30.29,30.69,31.41,32.46,32.27,33.85,37.17,37.66,36.67,37.27,9.1,29.7,28.8,16,16.4,NA,136,0.35816,0.32912,7.53104,7.1148,0.18392,0.13552,1.51976,2.05216,NA,5.4,203,53.9,56.8,NA,107,1.55,1.51,764,10.8,5.840661658,9,9.3,6.343080685,23.6,27.1,15.8,16.2,30.7,30,51.5,53.9,16.5,17,7.1,6.7,3.7,3.4,16.94,24.25,77.8,73.5,1.9,1.4,15.7,21.2,5.4,1216,1466,0,22.9,30,10.2,46.6,20.6,10.46,10.53,16.7,10.9,1.3,3.31,1.14,78.5,31.6,23.15,28.76,NA,177,28.4,35.82,99.93,155,0,9.68,4.07
M38,M,chow,white,0.6185,0.6248,0.0571,0.0581,33.2,36.79,36.56,36.96,37.71,37.62,38.46,40.07,39.75,40.3,40.16,9.6,29.6,27.5,15.4,15.4,NA,101,0.4466,0.2464,5.9675,6.2909,0.1309,0.1694,1.1011,0.9317,NA,4.7,227,52.1,56,NA,78.5,1.46,1.46,748,22.1,1.724861797,9.4,9.3,7.964969611,27,28.1,14.7,14.5,30.5,28.7,48.3,50.7,15.9,16.1,7.1,7.1,5.8,3.2,20.78,28.16,77.5,81.7,1.7,2.2,14.3,12.1,5.8,1317,1170,0,21.3,28.7,10.4,47.6,25.5,10.78,11.05,11.9,11.7,1.87,3.31,1.58,80.3,32.8,25.44,29.79,NA,126,34.06,39.13,83.36,198,0,7.7,3.9
M39,M,chow,agouti,0.6403,0.5934,0.0526,0.0491,28.19,28.63,27.76,29.17,32.14,33.23,33.37,36.1,35.23,34.57,35.65,8.9,29.9,29.7,11.9,15.6,NA,86,0.12428,0.21988,4.60792,6.52948,0.1912,0.49712,4.55056,2.2466,NA,4.4,208,39.8,52.7,NA,68.9,2.04,1.6,774,10.8,4.23927232,9.1,9.2,1.929702784,23,27.7,14.4,14.4,30,30,48.1,48.1,12,15.8,8,8.9,1.3,2.3,14.65,19.78,48.2,68.3,2,5.2,47.6,23.5,7.7,1867,1357,0,22.8,29.8,10.2,41.5,27.3,8.29,10.95,17.8,13.3,5.6,3.97,0.67,77.5,26.8,21.86,27.84,NA,152,27.02,34.63,131.89,205,0,9.56,7.11
M40,M,chow,agouti,0.5675,0.5629,0.0528,0.0523,30.82,31.01,32.6,33.68,38.59,39.15,40.48,43.57,45.57,45.56,43.97,10,30.3,26.5,16.2,16.6,NA,163,0.24795,0.1368,6.72885,7.34445,0.1368,0.1881,1.37655,0.76095,NA,14.3,235,53.6,62.6,NA,124.3,1.51,1.49,NA,NA,15.65427653,9.5,9.5,17.82363187,25.1,31.2,16.1,15.4,31.2,27.7,51.5,55.3,16.7,17.4,7,6.5,2.9,1.6,17.14,27.48,78.7,85.9,1.6,2.2,16.1,8.9,8.1,1600,997,NA,NA,NA,NA,NA,NA,10.41,11.32,12.5,12.7,1.39,3.51,NA,NA,NA,24.63,32.29,NA,122,30.25,43.07,117.82,173,0,8.55,9.78
M41,M,chow,agouti,0.6112,0.6502,0.0612,0.0577,30,32.11,33.1,33.66,34.49,36.26,37.49,39.12,37.04,35.42,35.6,10,30.3,27.9,16,14.9,NA,112,0.4578,0.4905,3.86405,3.39535,0.1853,0.10355,0.9156,1.44425,NA,5.7,158,52.8,53.3,NA,91.4,1.5,1.55,833,8.1,3.08793988,9.6,9.3,12.60357746,24.1,26.8,14.8,15,31.4,28.8,47,52,16.6,15.4,6.6,7.2,8.4,9,21.93,23.12,70.9,62.3,3.4,1.9,16.8,26.5,7.8,1247,891,0,21.8,28.4,10.7,38.8,24.4,11.24,10.26,12.1,14,1.8,5.1,0.75,72.1,22.7,23.56,28.24,NA,112,30.82,34.75,69.43,138,0,5.45,2
M42,M,chow,agouti,0.474,0.5052,0.0526,0.0529,28.76,31.22,31.6,32.77,34.27,34.72,35.69,37.21,37.35,38.07,37.06,9.4,29.1,27.5,15.5,14.8,NA,87,0.1364,0.21142,5.23094,4.32388,0.1364,0.10912,1.26852,2.12102,NA,12.7,207,53.2,53.9,NA,67.2,1.49,1.57,835,6.4,29.66946762,9,9.3,21.16348022,21.7,25.3,13.9,14.2,30.1,28.7,46.3,49.7,16,15.5,6.2,6.3,2,3.1,29.31,31.7,76.7,63.4,2,1.6,18.6,31.1,7.5,1401,1186,0,19.5,26.2,10,42.6,25.8,11.5,10.85,12.2,12.4,2.73,4.01,0.65,71.9,26.6,25.09,29.95,NA,136,30.73,37,130.16,173,0.18,6.82,7.82
M43,M,chow,agouti,0.5289,0.5898,0.0532,0.0551,31.6,32.05,33.02,32.67,32.85,34.08,34.72,36.31,35.02,35.96,34.4,8.5,30,28.3,15.3,15.2,NA,111,0.21762,0.26598,6.06112,5.82738,0.07254,0.2418,1.66842,1.66842,NA,13.9,186,51,53.8,NA,81.4,1.6,1.51,786,5.1,0.97984907,8.9,9.3,5.685565275,19,24.9,14.2,14.2,30.7,29.1,46.3,48.7,15.7,15.6,6.3,6.6,2.7,3.3,16.96,26.35,75.2,72.3,0.9,3,20.7,20.7,5.7,1692,1707,0,21.9,28.9,10.3,43.3,22.4,11.02,11.03,12,11.8,2.55,3.21,0.56,76.3,28,19.98,27.57,NA,150,22.89,33.78,115.47,178,0.32,8.06,5.46
M44,M,chow,agouti,0.6003,0.6017,0.0555,0.0529,23.72,24.58,25.5,25.12,25.98,26.01,28.14,28.2,28.67,28.36,27.69,7.7,29.8,27.5,15.9,14.2,NA,88,0.44772,0.98728,4.6207,3.11682,0.0861,0.1148,0.5453,1.4637,NA,8.5,152,53.3,51.9,NA,67.2,1.53,1.47,NA,NA,NA,9.3,8.8,2.016416182,23.3,21.8,14.3,14.2,30.6,28.2,46.9,50.3,16.3,14.6,5.9,6,7.8,17.2,24.09,19.12,80.5,54.3,1.5,2,9.5,25.5,3.2,1174,1093,NA,NA,NA,NA,NA,NA,11.38,10.32,12.4,14.1,3.39,2.76,NA,NA,NA,25.05,23.42,NA,108,30.69,27,63.59,115,0,5.74,1.91
M45,M,chow,agouti,0.7692,0.8467,0.0636,0.0591,32.51,35.15,35.59,36.24,36.63,37.69,39.7,39.78,39.95,41.31,40.55,9.9,29.9,28.3,15.9,15.6,NA,120,0.23902,0.53618,3.57884,4.17316,0.20026,0.2907,2.3902,1.40828,NA,9.5,168,53,55,NA,82.5,1.72,1.81,657,45.6,1.099381502,9.6,9.7,0.966683021,28,32.7,14.6,14.7,30.5,28.8,47.9,51.1,16.2,15.8,6.8,7.5,3.7,8.3,14.47,16.6,55.4,64.6,3.1,4.5,37,21.8,6.1,1303,1092,31.25,23.5,30.6,10.2,45.5,33.7,11.07,10.75,15.6,15.8,1.38,5.89,5.37,91.8,33.9,24.5,30.62,NA,218,32.74,39.18,28.27,61,0.43,6.46,3.91
M46,M,chow,agouti,0.6608,0.7197,0.0583,0.0602,30.45,30.71,33.36,33.22,35.33,36.18,36.72,40.5,39.04,42.09,41.48,9.2,28.7,28.3,14.7,15,NA,106,0.18725,0.53928,4.00715,4.494,0.1498,0.17227,3.06341,2.23202,NA,10.4,203,51.2,53.2,NA,81.9,1.85,1.63,787,15.6,0.959571583,9.1,9.5,3.63755969,23.9,29.2,16,15.8,29.4,28.9,54.3,54.7,15,15.4,6.8,6.7,2.5,7.2,17.72,25.73,53.5,60,2,2.3,40.9,29.8,7,1407,1271,0,17.9,24.9,10.2,40.9,28.6,9.42,9.72,15.7,14.6,7.22,5.16,1.34,76.2,26,22.84,29.47,NA,155,29.02,39.29,31.32,30,0.66,7.49,3.12
M47,M,chow,agouti,0.6852,0.6813,0.0561,0.0642,30.27,32.81,31.62,30.08,32.59,33.12,34.43,33.86,32.96,33.89,33.84,8.3,29.4,28,14.9,14.3,NA,88,0.11868,0.17544,3.9216,3.49332,0.13416,0.11868,0.95976,1.3416,NA,6.7,179,50.8,51.3,NA,62.1,1.55,1.58,774,21.2,2.059547194,9.3,9,1.190304128,26.1,25.5,15.5,15.5,30.1,29,51.5,53.3,15.3,14.9,6.7,6.8,2.3,3.4,15.62,18.95,76,67.7,2.6,2.3,18.6,26,5.3,1856,1714,1.22,23.5,30.8,11,49.6,18.2,9.86,9.61,13.3,12.9,2.53,3.94,1.52,77.6,33.2,25.27,23.21,NA,172,30.87,31.53,55.2,90,0,5.16,3.75
M48,M,chow,agouti,0.7309,0.8017,0.0643,0.057,33.34,33.96,33.57,33.79,33.66,33.45,34.37,34.4,31.51,30.7,30.7,NA,29.3,27.2,14.1,14.5,NA,NA,0.95886,0.70012,11.84116,12.95222,0.3044,0.18264,1.93294,1.30892,NA,6.8,NA,48.2,53.2,NA,101.8,1.63,1.59,889,10.3,1.159902475,9.4,9.5,2.443344776,26,24.4,13.4,12.8,29.8,28,45,45.6,14.4,14.9,7,7.3,6.3,4.6,19.55,16.02,77.8,85.1,2,1.2,12.7,8.6,NA,1540,1968,0,18,24.2,9.2,37.7,27.6,10.72,11.69,13.8,13.8,2.51,4.2,1.01,67.5,22.3,25.01,24.82,NA,NA,32.25,29.14,NA,NA,NA,15.22,6.41
M49,M,chow,agouti,0.5642,0.5749,0.0537,0.0554,27.31,29.34,28.08,27.53,27.63,29.01,30.46,31.55,31.09,31.49,33.2,9.2,29.3,26.6,16.1,14.9,NA,106,1.76319,0.75933,9.20205,7.77348,0.37323,0.30888,1.42857,3.80952,NA,6.3,224,54.9,56.2,NA,84.3,1.54,1.49,826,13.7,1.399048971,8.7,9.5,2.927383283,21.8,24.8,15,14.8,30.4,27.5,49.4,53.8,16.7,15.5,6.2,6.2,13.7,5.9,20.27,20.91,71.5,60.4,2.9,2.4,11.1,29.6,3.7,1137,1099,0,22.8,29.2,9.4,43.2,31.6,11.11,10.44,12.9,13,2.7,3.84,0.68,72.7,27.9,22.59,23.44,NA,125,27.36,31.26,74.84,111,0.16,12.87,12.36
M50,M,chow,agouti,0.6743,0.6889,0.0598,0.065,29.17,31.56,29.92,30.95,33.45,34.06,35.68,37.82,37.19,37.37,38.27,9,28.5,27.1,14,11.9,NA,104,0.18,0.285,5.3325,6.075,0.2625,0.165,1.6125,0.93,NA,19.9,279,49,44.1,NA,80.3,1.81,1.65,734,10.5,4.999293225,9,9.3,6.788276091,25.6,27.2,15.1,14,29,27.2,52.1,51.6,14.2,12,7.4,6.3,2.4,3.8,16.22,25.44,71.1,81,3.5,2.2,21.5,12.4,5.2,1642,860,0,23.9,31.3,10.9,46.9,24.3,9.41,8.53,17.1,14.4,4.59,3.5,1.02,81.7,32,23.06,26.68,NA,159,30.51,36.36,42.04,73,0,7.5,2.82
M51,M,chow,agouti,0.55,NA,0.0562,NA,33.96,35.51,35.64,36.33,33.24,27.4,NA,NA,NA,NA,NA,NA,27.6,NA,14.9,NA,112,NA,0.3002,NA,6.0277,NA,0.2054,NA,1.3035,NA,22.5,NA,NA,54.1,NA,77.7,NA,1.51,NA,779,4.4,NA,9.6,NA,0.018672045,24.9,NA,14.2,NA,27.9,NA,50.9,NA,15.1,NA,5.7,NA,3.8,NA,27.26,NA,76.3,NA,2.6,NA,16.5,NA,NA,1285,NA,0,22.8,30.8,11.9,46.5,23.4,10.63,NA,13.4,NA,5.4,NA,0.54,77.1,29.4,25.37,NA,415,NA,34.28,NA,124.77,154,0,7.9,NA
M52,M,chow,white,0.568,0.5899,0.0546,0.0549,34.32,36.2,37,38.67,40.12,39.86,41.07,39.32,40.07,43.77,45,9.9,28.8,28.3,14.9,15.8,83,105,0.6048,0.54432,8.74944,8.49744,0.11088,0.27216,0.53424,0.68544,14.6,12.6,171,51.7,55.8,62.7,75.3,1.43,1.41,852,8.6,0.859125711,9.1,10,8.298566518,24.7,30.6,14.1,14.3,29.3,28.7,48.2,49.8,15.2,16,7.3,7.2,6,5.4,28.32,29.62,86.8,84.3,1.1,2.7,5.3,6.8,5.7,1644,1506,0,21.1,27.6,11.2,45.1,20.9,10.75,11.21,11.8,11.3,3.74,2,0.91,70.4,27.2,26.93,31.14,186,291,34.42,43.38,90.01,125,0,10.08,8.72
M53,M,chow,white,0.6133,0.7045,0.0564,0.0611,37.82,36.64,37.73,37.46,39.11,38.15,38.45,37.95,38.7,42.77,42.63,10.4,29.2,28.5,15.9,16.3,83,92,0.1624,0.6496,9.0596,8.5144,0.2552,0.3016,1.972,2.0068,12.6,9,196,54.6,57.4,58.6,63.2,1.46,1.45,816,19.2,0.444523358,9.4,9.7,1.818654222,27.6,32.6,14.6,14.4,29.8,28.6,49,50.3,16.3,16.4,6.8,7.1,1.4,5.6,22.27,23.07,78.1,73.4,2.2,2.6,17,17.3,7.1,1368,1828,0,21.9,28.5,9.6,42.9,30,11.14,11.41,12,12.1,3.85,3,0.69,73.6,27.7,26.18,29.8,195,296,35.45,42.42,103.02,NA,0.7,11.6,7.94
M54,M,chow,agouti,0.5031,0.6272,0.0478,0.0527,24.44,25.14,25.65,26.81,27.3,27.64,26.82,26.02,26.04,25.59,25.69,9.6,28.3,27.5,15.5,14.5,94,91,0.41002,0.73372,7.70406,8.17882,0.38844,0.38844,2.20116,1.44586,12.8,15.5,210,54.7,52.7,66.7,65.1,1.55,1.44,663,59.4,0.271008286,8.5,8.9,1.58404783,18.2,19.7,13.9,14,28.6,27.9,48.6,50.1,15.6,14.7,6.2,6.5,3.8,6.8,20.43,16.95,71.4,75.8,3.6,3.6,20.4,13.4,7.5,1830,1697,23.26,20.8,28,10.5,47.3,74,11.25,10.5,13.9,12.7,2.71,1.46,20.05,91.7,35,21.83,21.04,247,173,22.94,23.68,94.85,116,0,10.79,5.1
M55,M,chow,agouti,0.587,0.6439,0.0508,0.0515,31.68,32.1,29.9,25.73,29.21,30.37,31.29,30.55,32.05,33.6,34.27,10.1,27.2,27.6,16.1,13.8,93,123,0.13496,0.2892,7.52884,8.44464,0.22172,0.1928,1.67736,0.63624,10.2,6.7,202,59.2,49.9,74.9,86,1.45,1.48,862,139.1,1.299847563,9.3,9.3,0.719040592,24.2,25.9,13.7,13.4,28,28.1,48.8,47.5,16.6,14,6.3,7.3,1.4,3,21.76,18.41,78.1,87.6,2.3,2,17.4,6.6,8.5,1265,1524,47.37,17.7,24.1,9.8,44.7,62.5,12.13,10.5,11.7,12.2,2.95,1.71,26.8,72.2,28.4,26.51,26.14,150,138,30.9,31.72,82.16,127,0,9.64,6.86
M56,M,chow,agouti,0.7418,0.8022,0.0594,0.0661,27.93,28.74,29.47,30.6,30.24,30.31,30.95,31.02,31.43,33.13,33.81,9.5,27.9,28.2,13.3,16.2,98,124,0.29253,0.3582,4.75809,4.20288,0.26268,0.39402,0.62088,0.93729,19.2,13.5,149,47.5,57.4,62,81,1.67,1.54,807,5.5,1.986368538,9.4,9.4,1.860705975,22.9,26.1,13.7,13.7,27,28.1,50.7,48.9,12.8,16.1,5.6,6.7,4.9,6,17.24,18.39,79.7,70.4,4.4,6.6,10.4,15.7,4.5,1004,1548,0,21.5,28.4,9.9,40.8,25.8,9.37,11.74,12.8,12.6,5.43,2.72,0.8,74.4,25.9,23.1,25.55,149,302,27.55,31.96,108.91,131,0,5.97,8.42
M57,M,chow,agouti,0.5783,0.7357,0.0541,0.0551,31.4,31.55,30.16,31.67,33.07,34.28,35.85,36.13,36.17,36.69,36.46,8.9,27.2,26.9,12.6,15.2,140,86,0.10512,0.23652,5.77503,4.44132,0.1971,0.15768,0.44676,1.65564,12.7,17,160,46.5,56.5,91.9,66.2,1.96,1.59,840,7.4,0.849938246,8.9,9.8,1.322226952,25.2,29.8,13.6,13.2,27.1,27.2,50.3,48.4,12.6,15.4,6.5,6.8,1.6,3.6,21.4,13.48,87.9,67.6,3,2.4,6.8,25.2,5.1,1190,1619,0,22.7,28.4,8.7,40.9,22.5,9.25,11.69,18.3,12.6,9.55,2.07,0.69,71.4,26.4,23.57,28.01,189,102,32.13,34.4,111,147,0,6.57,16.14
M58,M,chow,agouti,0.6206,0.6713,0.0521,0.0544,27.33,28.88,28.62,30,29.84,30.76,31.15,31.9,31.87,33.8,32.69,10.3,28.4,NA,15.5,NA,99,108,0.42679,NA,7.43834,NA,0.13065,NA,0.63583,NA,27.5,6.7,177,54.7,NA,75.6,76.8,1.48,NA,756,17,0.591633816,9.1,9.4,0.99940869,22.8,26.6,13.9,NA,28.8,NA,48.4,NA,15.7,NA,6.9,NA,4.9,NA,15.94,14.97,85.4,NA,1.5,NA,7.3,NA,5.2,1123,NA,2.56,23.5,31.4,11.6,45.9,31.2,11.31,NA,12.4,NA,4.14,NA,2.2,79.4,29.8,23.03,25.23,122,199,27.05,31.31,128.33,185,0,8.71,NA
M59,M,chow,agouti,0.6952,0.8269,0.0606,0.0617,35.92,36.21,36.84,37.44,38.71,40.36,42.58,42.94,42.45,40.68,39.17,10.1,29.2,28.6,15.3,15.7,113,157,0.27715,0.90375,9.5677,7.6397,0.2892,0.39765,1.81955,3.04865,18.9,18.1,200,52.5,55,81.9,112.8,1.62,1.72,672,23.8,4.272255912,9.6,10,5.769110692,27.4,31.2,13.7,14,29.4,28.8,46.5,48.7,15.5,15.8,6.4,6.9,2.3,7.5,22,15.14,79.4,63.4,2.4,3.3,15.1,25.3,5.4,1526,1437,7.02,19.6,27.7,11.8,48.1,33.2,11.3,11.29,13.4,14.5,4.03,4.97,3.46,89.5,34.2,26.35,27.55,221,272,35.05,36.67,42.36,37,0.97,12.05,10.09
M60,M,chow,black,0.5692,0.7421,0.0566,0.0542,32.23,33.39,33,35.59,36.75,36.96,39.04,38.99,38.58,36.6,37.4,10.2,28.4,26.4,15.4,16.6,107,123,0.14297,0.73167,7.36716,5.26466,0.18502,0.24389,0.65598,2.07727,44.2,16.9,170,54.1,62.9,77.5,89.9,1.56,1.73,690,41.9,2.660713502,9.4,9.7,7.148652897,25.7,30.8,15.9,15.8,29,27.3,54.9,57.8,15.7,17.2,6.5,6.1,1.7,8.7,21.04,13.3,87.6,62.6,2.2,2.9,7.8,24.7,5.5,1230,924,15.79,19.6,26.9,10.5,45.8,35.9,9.85,10.88,12.5,15.8,4.13,7.1,4.82,87.3,32.8,25.27,27.97,64,139,32.51,35.54,7.59,7,0.39,8.41,5.63
M61,M,chow,agouti,0.6576,0.6777,0.0566,0.0597,33.56,33.83,34.37,35.8,37.11,37.68,39.17,38.39,39.05,39.51,39.84,9.3,29.2,28.2,16.7,16.8,105,124,0.23142,0.31122,6.08874,6.6633,0.21546,0.13566,1.3965,0.82194,3.8,4.8,151,57.4,59.7,79.7,97.1,1.5,1.44,NA,NA,3.961193426,9.5,10,9.878861734,25.4,28.3,15.2,15.2,29.7,28.9,51.2,52.7,17.1,17.2,7.2,7.6,2.9,3.9,23.4,25.36,76.3,83.5,2.7,1.7,17.5,10.3,6.4,1430,1137,NA,NA,NA,NA,NA,NA,11.21,11.34,11.9,11.1,2.78,2.04,NA,NA,NA,26.55,29.15,116,240,33.05,37.89,128.25,156,0.15,7.98,6.69
M62,M,chow,agouti,0.6201,0.649,0.0573,0.058,32.18,34.11,34.16,36.12,36.1,33.9,37.68,38.68,37.74,39.68,38.54,9.7,28.8,28.7,16.5,16.6,101,108,0.10978,0.2495,8.39318,8.4331,0.18962,0.21956,1.18762,1.00798,9.5,9.1,190,57.1,57.8,70.1,86.4,1.48,1.44,NA,NA,20.00353302,9.6,9.6,13.02719604,24.8,27.9,14.1,14.2,29.6,29.1,47.7,48.7,16.9,16.9,6.5,7,1.1,2.5,20.78,24.88,84.1,84.5,1.9,2.2,11.9,10.1,6.1,1479,1286,NA,NA,NA,NA,NA,NA,11.97,11.87,12.4,12.5,2.58,1.62,NA,NA,NA,24.71,27.73,202,176,31.27,37.12,107.12,116,0,9.98,8.23
M63,M,chow,agouti,0.4929,0.5881,0.0518,0.0556,29.22,29.38,30.13,32.03,32.57,32.83,33.81,33.54,33.52,34.51,34.71,9.8,28.2,28.2,14.8,15,93,103,0.17296,0.60536,8.89663,8.70205,0.49726,0.35673,1.14586,1.07019,19.3,17.6,196,52.4,53.3,68.7,75,1.42,1.38,NA,NA,1.962126914,9,9.3,6.55641183,20.3,23.6,15,15,28.6,28.5,52.3,52.8,15,15.2,6.5,6.9,1.6,5.6,27.97,30.14,82.3,80.5,4.6,3.3,10.6,9.9,7,1626,1795,NA,NA,NA,NA,NA,NA,10.03,10.1,11.9,11.4,3.39,1.48,NA,NA,NA,23.29,26.54,167,193,28.24,33.77,104.07,92,0,10.81,10.88
M64,M,chow,agouti,0.7513,0.869,0.0574,0.061,32.18,31.71,32.69,33.5,32.69,33.12,34.34,34.86,34.52,35.6,36.9,8.9,29.2,30.1,15.7,18.1,116,93,0.1986,0.2317,4.8988,5.24304,0.07944,0.15226,1.3902,0.94004,7.1,8.8,134,53.9,60,82.5,71.4,1.57,1.72,NA,NA,1.858548112,9,9.6,1.446823054,25.3,29.2,15.2,15.6,29.9,30,51,51.8,16.1,18,5.9,6.6,3,3.5,18.13,15.21,74,79.2,1.2,2.3,21,14.2,6.2,1382,1608,NA,NA,NA,NA,NA,NA,10.55,11.57,12.3,12.3,4.22,2.64,NA,NA,NA,25.46,27.15,186,115,30.91,34.44,73.36,97,0,6.62,5.77
M65,M,chow,agouti,0.6149,0.7728,0.0573,0.0556,31.44,31.95,32.65,33.51,33.99,36.59,34.46,32.47,32.75,32.6,34.54,9.8,29.1,28.8,16.3,18,80,101,0.30132,0.51516,7.15392,7.1928,0.243,0.31104,1.90512,1.58436,18.3,7.9,204,56.1,62.3,NA,77.4,1.65,1.77,NA,NA,1.558620777,9.2,9.3,1.646659991,24.8,27.1,15.4,15.4,29.5,28.8,52.1,53.6,16.6,17.9,6.4,8,3.1,5.3,19.44,17.38,73.6,74,2.5,3.2,19.6,16.3,6.5,1530,1264,NA,NA,NA,NA,NA,NA,10.78,11.63,15.2,15.8,3.33,2.66,NA,NA,NA,22.71,26.13,115,187,30.78,32.76,51.67,75,1.34,9.72,9.88
M66,M,chow,white,0.7521,0.6853,0.0541,0.0521,30.92,31.77,30.8,31.95,31.15,30.59,33.35,31.26,31.7,34.4,36.68,9.5,27.9,28.5,15.2,16.2,96,98,0.18039,0.44668,6.72597,7.20701,0.19757,0.16321,1.38299,0.6872,18.1,7.2,188,54.3,56.6,68.1,73.9,1.55,1.49,NA,NA,2.034913237,9.4,9.5,0.848912005,26,28.5,15.1,13.4,28.8,28.5,52.5,46.8,15.6,16.2,7.4,7.8,2.1,5.2,11.65,17.82,78.3,83.9,2.3,1.9,16.1,8,8.3,1128,1364,NA,NA,NA,NA,NA,NA,10.34,12.11,14.3,12.6,2.62,2.15,NA,NA,NA,24.32,26.42,222,113,29.52,34.65,111.35,149,0,8.59,11.21
M67,M,chow,white,0.6728,NA,0.0553,NA,31.05,33,36.02,38.93,39.66,41.66,42.98,42.16,43.5,39.94,43.3,10.2,27.9,28,11.4,15.7,106,105,0.23355,0.37368,3.56553,3.71604,0.17646,0.24912,1.20408,0.82002,21.6,23.9,246,40.9,56,85.6,79.6,1.66,1.55,NA,NA,1.130713736,9.5,NA,1.050884437,25.4,NA,14.4,14.6,28.2,28,51,52,11.6,15.7,7.4,7.5,4.5,7.2,20.26,NA,68.7,71.6,3.4,4.8,23.2,15.8,4.8,1677,1767,NA,NA,NA,NA,NA,NA,8.03,10.76,14.3,11.9,3.05,1.73,NA,NA,NA,25.79,NA,190,112,31.86,NA,91.05,102,0,5.19,4.25
M68,M,chow,white,0.7047,0.8344,0.0568,0.0575,31.65,31.64,31.83,33.01,32.38,33.54,32.88,33.61,33.91,33.37,32.26,10.1,29.1,27.5,14.6,16.1,82,97,0.19747,0.68355,12.18238,12.77479,0.21266,0.27342,2.35445,1.35191,17.8,17.4,186,50.2,58.6,62.1,71.5,1.73,1.42,NA,NA,11.43714239,9.1,9.4,10.36777394,25.9,25.9,14.3,14.9,29.5,28.1,48.5,52.9,14.8,16.5,6.9,7.5,1.3,4.5,13.47,13.36,80.2,84.1,1.4,1.8,15.5,8.9,6.4,1370,1047,NA,NA,NA,NA,NA,NA,10.34,11.07,14.9,12.8,3.89,1.85,NA,NA,NA,23.8,25.52,66,39,29.92,29.9,101.43,138,0.78,15.19,5.68
M69,M,chow,agouti,0.7115,NA,0.0578,NA,38.54,37.5,39.21,42.39,42.39,43.47,46.13,45.19,45.3,40.7,43.36,NA,27.2,27.2,15.7,15.4,120,NA,0.13398,0.29667,7.40718,7.74213,0.24882,0.33495,1.70346,1.13883,12.2,NA,NA,57.7,56.7,90.7,NA,1.55,1.45,NA,NA,1.055164629,9.6,NA,2.729200598,30.9,NA,15.1,15.1,28.5,28,52.8,53.8,16.5,15.9,6.3,7.1,1.4,3.1,16.58,NA,77.4,80.9,2.6,3.5,17.8,11.9,NA,925,1480,NA,NA,NA,NA,NA,NA,10.93,10.53,15.2,13.6,4.07,2.08,NA,NA,NA,28.54,NA,228,NA,37.04,NA,55.5,87,0.11,9.57,5.63
M70,M,chow,agouti,0.5928,NA,0.0508,NA,25.34,23.66,24.15,25.8,25.49,25.52,25.7,26.01,26.21,26.85,27.33,NA,30,NA,15.7,NA,62,NA,0.2385,NA,6.731,NA,0.22525,NA,5.9625,NA,20,NA,NA,52.4,NA,51.4,NA,1.75,NA,NA,NA,0.321600701,8.2,NA,0.750358,18.5,NA,14.6,NA,30.4,NA,48.1,NA,15.9,NA,6.4,NA,1.8,NA,15.63,NA,50.8,NA,1.7,NA,45,NA,NA,1546,NA,NA,NA,NA,NA,NA,NA,10.88,NA,14.2,NA,3.48,NA,NA,NA,NA,19.19,NA,77,NA,21.91,NA,NA,NA,NA,13.25,NA
M71,M,chow,white,0.7867,NA,0.0574,NA,35.55,33.92,34.67,34.82,36.14,36.3,39.82,40.43,41.29,39.66,39.75,10.5,26.7,27.3,16.1,15.2,101,82,0.08877,0.27438,6.72231,6.06057,0.18561,0.10491,0.99261,1.60593,24.1,10.6,208,60.2,55.8,77.5,62.2,1.46,1.42,794,3,2.588454923,9.4,NA,4.00014043,27.6,NA,14.1,13.8,27.2,27.9,51.7,49.3,16.4,15.6,5.9,6,1.1,3.4,12.91,NA,83.3,75.1,2.3,1.3,12.3,19.9,7,1523,1492,0,23.1,29.5,9.5,44,27.1,11.64,11.32,14,11.4,1.99,1.87,0.43,75.6,29.2,24.53,NA,64,109,31.65,NA,111.51,170,0.28,8.07,4.43
M72,M,chow,agouti,0.7463,NA,0.0544,NA,30.64,31.63,32.75,34.77,35.31,36.62,37.17,36.35,38.11,39.13,40.49,11.5,28.4,28.9,15.7,15.9,99,139,0.1152,0.2368,5.5296,5.3056,0.1472,0.1664,0.5248,0.6464,9.4,11.1,200,55.3,55,82.6,104.6,1.56,1.45,783,49.8,3.841025542,9.4,NA,4.178705719,25.2,NA,14.1,14,28.8,29.4,48.8,47.8,15.9,16.2,6.2,7.3,1.8,3.7,15.92,NA,86.4,82.9,2.3,2.6,8.2,10.1,7.8,1618,1533,1.59,20.8,27,9.4,46.5,61.9,11.33,11.52,15.7,12.3,4.91,1.73,13.62,77.3,31.8,25.55,NA,116,168,29.96,NA,105.57,161,0,6.4,9.28
M73,M,chow,agouti,0.6368,0.7279,0.0551,0.0564,25.05,25.65,24.13,24.1,24.37,24.78,24.49,24.15,25.34,26.86,26.25,9.5,28.7,28.6,15.8,17.2,114,75,0.19232,0.24641,5.00032,5.06042,0.16828,0.10818,0.61302,0.57095,15.1,8.9,205,55.3,60.3,89.2,51.8,1.57,1.5,758,27,0.751980808,8.7,9.1,0.254246333,17.8,20.2,14.6,13.3,29.8,28.9,48.9,46,16.5,17.4,7.7,8.1,3.2,4.1,17.4,15.95,83.2,84.2,2.8,1.8,10.2,9.5,5.5,1673,1712,7.14,17.6,22.3,9.4,41.3,32.2,11.3,13.12,17.5,13.7,2.26,1.82,4.09,79.2,27.9,20.25,22.44,149,149,21.47,24.07,90.38,118,0,6.01,5.87
M74,M,chow,agouti,0.6858,0.6697,0.0609,0.0621,37.99,39.98,39.23,40.9,40.46,42.31,43.31,43.41,44.91,46.26,46,9.7,28.3,28.9,14.7,15.9,135,150,0.19908,0.36024,6.72132,7.69776,0.36024,0.11376,2.07612,1.2324,17.9,7.1,235,51.9,54.8,96.2,105.3,1.64,1.72,762,130.9,2.922571222,9.7,10,14.86892432,26.4,30.4,15.2,12.7,29.3,29.1,51.7,43.6,15.2,15.9,8.1,8.7,2.1,3.8,25.91,30.97,70.9,81.2,3.8,1.2,21.9,13,5,1617,1859,90,19.3,26.4,10.4,49.8,62.8,10.04,12.58,13.8,14.1,3.33,2.7,36.15,82.5,34.2,27.73,32.08,359,311,35.57,44.05,80.13,106,0,9.48,8.71
M75,M,chow,agouti,0.6253,0.6853,0.056,0.0567,22.29,25.63,26.56,27.11,28.64,28.72,29.35,29.63,29.68,30.76,31.11,9.7,28.7,28.6,15.3,16.2,80,119,0.15856,0.52523,8.1262,7.14511,0.13874,0.41622,1.41713,1.75407,13.8,11.2,200,53.3,56.6,55.9,93.5,1.71,1.47,776,4.6,1.508407386,8.9,9.4,3.965526058,19.8,23.4,12.9,14.6,29.2,28.7,44.1,50.7,15.6,16.3,8,8.5,1.6,5.3,18.65,19.14,82,72.1,1.4,4.2,14.3,17.7,4.1,1739,1672,0,20.4,27.6,10.5,43.8,26.6,12.07,11.17,14,12.3,2.99,2.07,0.72,77.3,28.5,21.23,23.9,127,200,24.3,28.85,118.34,161,0,9.91,5.5
